lId;dtTime;lBoardNumber;ucConveyor;ucProcessingArea;sEvent;dtCreated;ucProcessingMode;lIdSequence;lBoardCompositeId;ucSubConveyor
22222222;2018-02-14 14:08:48.303;0;0;0;6;2018-02-14 14:08:48.317;0;621468;182211;0
22222222;2018-02-14 14:08:46.283;0;0;0;5;2018-02-14 14:08:46.297;0;621464;182210;0
22222222;2018-02-14 14:08:35.897;0;1;1;21;2018-02-14 14:08:35.920;0;621457;182209;0
22222222;2018-02-14 14:08:35.893;0;1;1;24;2018-02-14 14:08:35.913;0;621453;182208;0
22222222;2018-02-14 14:08:35.887;2001;1;1;41;2018-02-14 14:08:35.903;1;621451;182207;0
22222222;2018-02-14 14:08:07.197;0;1;1;25;2018-02-14 14:08:07.207;0;621403;182206;0
22222222;2018-02-14 14:08:07.197;2001;1;1;40;2018-02-14 14:08:07.210;1;621404;182207;0
22222222;2018-02-14 14:08:05.887;0;1;1;22;2018-02-14 14:08:05.903;0;621401;182205;0
22222222;2018-02-14 14:08:05.880;0;1;1;24;2018-02-14 14:08:05.897;0;621399;182204;0
22222222;2018-02-14 14:08:04.680;0;1;1;22;2018-02-14 14:08:04.693;0;621397;182203;0
22222222;2018-02-14 14:07:44.527;0;1;1;24;2018-02-14 14:07:44.547;0;621362;182201;0
22222222;2018-02-14 14:07:44.527;0;1;1;21;2018-02-14 14:07:44.553;0;621366;182202;0
22222222;2018-02-14 14:07:44.517;1999;1;1;41;2018-02-14 14:07:44.540;1;621360;182198;0
22222222;2018-02-14 14:07:18.603;1999;1;1;40;2018-02-14 14:07:18.623;1;621300;182198;0
22222222;2018-02-14 14:07:18.600;0;1;1;25;2018-02-14 14:07:18.620;0;621299;182197;0
22222222;2018-02-14 14:07:17.290;0;1;1;22;2018-02-14 14:07:17.307;0;621297;182196;0
22222222;2018-02-14 14:07:17.287;0;1;1;24;2018-02-14 14:07:17.300;0;621295;182195;0
22222222;2018-02-14 14:07:16.087;0;1;1;22;2018-02-14 14:07:16.100;0;621292;182194;0
22222222;2018-02-14 14:07:06.227;0;1;1;21;2018-02-14 14:07:06.240;0;621267;182190;0
22222222;2018-02-14 14:07:06.223;0;1;1;24;2018-02-14 14:07:06.237;0;621263;182189;0
22222222;2018-02-14 14:07:06.217;1997;1;1;41;2018-02-14 14:07:06.233;1;621261;182181;0
22222222;2018-02-14 14:06:33.893;1997;1;1;40;2018-02-14 14:06:33.903;1;621194;182181;0
22222222;2018-02-14 14:06:33.890;0;1;1;25;2018-02-14 14:06:33.900;0;621193;182180;0
22222222;2018-02-14 14:06:32.567;0;1;1;22;2018-02-14 14:06:32.590;0;621191;182179;0
22222222;2018-02-14 14:06:32.563;0;1;1;24;2018-02-14 14:06:32.583;0;621189;182178;0
22222222;2018-02-14 14:06:31.370;0;1;1;22;2018-02-14 14:06:31.383;0;621182;182176;0
22222222;2018-02-14 14:06:00.113;0;1;1;21;2018-02-14 14:06:00.147;0;621166;182175;0
22222222;2018-02-14 14:06:00.107;0;1;1;24;2018-02-14 14:06:00.137;0;621164;182174;0
22222222;2018-02-14 14:06:00.087;1995;1;1;41;2018-02-14 14:06:00.123;1;621162;182165;0
22222222;2018-02-14 14:05:57.613;0;0;0;20;2018-02-14 14:05:57.623;0;621159;182173;0
22222222;2018-02-14 14:05:34.513;0;0;0;16;2018-02-14 14:05:34.530;0;621128;182166;0
22222222;2018-02-14 14:05:08.887;0;1;1;25;2018-02-14 14:05:08.907;0;621095;182164;0
22222222;2018-02-14 14:05:08.887;1995;1;1;40;2018-02-14 14:05:08.907;1;621096;182165;0
22222222;2018-02-14 14:05:07.560;0;1;1;22;2018-02-14 14:05:07.573;0;621092;182163;0
22222222;2018-02-14 14:05:07.557;0;1;1;24;2018-02-14 14:05:07.567;0;621090;182162;0
22222222;2018-02-14 14:05:06.383;0;1;1;22;2018-02-14 14:05:06.397;0;621088;182161;0
22222222;2018-02-14 14:04:32.090;0;1;1;24;2018-02-14 14:04:32.107;0;621020;182153;0
22222222;2018-02-14 14:04:32.090;0;1;1;21;2018-02-14 14:04:32.113;0;621024;182154;0
22222222;2018-02-14 14:04:32.083;1993;1;1;41;2018-02-14 14:04:32.100;1;621018;182150;0
22222222;2018-02-14 14:04:29.597;0;0;0;20;2018-02-14 14:04:29.620;0;621015;182152;0
22222222;2018-02-14 14:04:10.970;0;0;0;16;2018-02-14 14:04:10.980;0;620981;182151;0
22222222;2018-02-14 14:03:43.777;1993;1;1;40;2018-02-14 14:03:43.787;1;620932;182150;0
22222222;2018-02-14 14:03:43.773;0;1;1;25;2018-02-14 14:03:43.787;0;620931;182149;0
22222222;2018-02-14 14:03:42.463;0;1;1;22;2018-02-14 14:03:42.490;0;620926;182148;0
22222222;2018-02-14 14:03:42.457;0;1;1;24;2018-02-14 14:03:42.480;0;620924;182147;0
22222222;2018-02-14 14:03:41.277;0;1;1;22;2018-02-14 14:03:41.290;0;620920;182146;0
22222222;2018-02-14 14:03:28.307;0;1;1;24;2018-02-14 14:03:28.327;0;620888;182144;0
22222222;2018-02-14 14:03:28.307;0;1;1;21;2018-02-14 14:03:28.333;0;620892;182145;0
22222222;2018-02-14 14:03:28.290;1991;1;1;41;2018-02-14 14:03:28.320;1;620886;182138;0
22222222;2018-02-14 14:03:02.107;0;1;1;25;2018-02-14 14:03:02.123;0;620823;182137;0
22222222;2018-02-14 14:03:02.107;1991;1;1;40;2018-02-14 14:03:02.127;1;620824;182138;0
22222222;2018-02-14 14:03:00.777;0;1;1;22;2018-02-14 14:03:00.793;0;620821;182136;0
22222222;2018-02-14 14:03:00.773;0;1;1;24;2018-02-14 14:03:00.783;0;620819;182135;0
22222222;2018-02-14 14:02:59.617;0;1;1;22;2018-02-14 14:02:59.627;0;620814;182134;0
22222222;2018-02-14 14:02:50.407;0;1;1;21;2018-02-14 14:02:50.430;0;620803;182133;0
22222222;2018-02-14 14:02:50.403;0;1;1;24;2018-02-14 14:02:50.420;0;620799;182132;0
22222222;2018-02-14 14:02:50.393;1989;1;1;41;2018-02-14 14:02:50.417;1;620797;182127;0
22222222;2018-02-14 14:02:23.450;1989;1;1;40;2018-02-14 14:02:23.467;1;620730;182127;0
22222222;2018-02-14 14:02:23.447;0;1;1;25;2018-02-14 14:02:23.463;0;620729;182126;0
22222222;2018-02-14 14:02:22.137;0;1;1;22;2018-02-14 14:02:22.163;0;620726;182125;0
22222222;2018-02-14 14:02:22.133;0;1;1;24;2018-02-14 14:02:22.150;0;620724;182124;0
22222222;2018-02-14 14:02:20.927;0;1;1;22;2018-02-14 14:02:20.940;0;620722;182123;0
22222222;2018-02-14 14:02:10.830;0;1;1;21;2018-02-14 14:02:10.863;0;620704;182122;0
22222222;2018-02-14 14:02:10.827;0;1;1;24;2018-02-14 14:02:10.857;0;620700;182121;0
22222222;2018-02-14 14:02:10.813;1987;1;1;41;2018-02-14 14:02:10.840;1;620698;182120;0
22222222;2018-02-14 14:01:44.903;0;1;1;25;2018-02-14 14:01:44.930;0;620662;182119;0
22222222;2018-02-14 14:01:44.903;1987;1;1;40;2018-02-14 14:01:44.933;1;620663;182120;0
22222222;2018-02-14 14:01:43.590;0;1;1;22;2018-02-14 14:01:43.610;0;620655;182116;0
22222222;2018-02-14 14:01:43.587;0;1;1;24;2018-02-14 14:01:43.600;0;620653;182115;0
22222222;2018-02-14 14:01:42.387;0;1;1;22;2018-02-14 14:01:42.403;0;620647;182112;0
22222222;2018-02-14 14:01:32.827;0;1;1;24;2018-02-14 14:01:32.843;0;620637;182109;0
22222222;2018-02-14 14:01:32.827;0;1;1;21;2018-02-14 14:01:32.850;0;620640;182110;0
22222222;2018-02-14 14:01:32.817;1985;1;1;41;2018-02-14 14:01:32.837;1;620635;182106;0
22222222;2018-02-14 14:01:06.290;0;1;1;25;2018-02-14 14:01:06.310;0;620618;182105;0
22222222;2018-02-14 14:01:06.290;1985;1;1;40;2018-02-14 14:01:06.310;1;620619;182106;0
22222222;2018-02-14 14:01:04.967;0;1;1;22;2018-02-14 14:01:04.980;0;620616;182104;0
22222222;2018-02-14 14:01:04.960;0;1;1;24;2018-02-14 14:01:04.973;0;620614;182103;0
22222222;2018-02-14 14:01:03.753;0;1;1;22;2018-02-14 14:01:03.767;0;620612;182102;0
22222222;2018-02-14 14:00:47.707;0;2;1;21;2018-02-14 14:00:47.727;0;620602;182099;0
22222222;2018-02-14 14:00:47.703;0;2;1;24;2018-02-14 14:00:47.720;0;620599;182098;0
22222222;2018-02-14 14:00:47.700;814;2;1;41;2018-02-14 14:00:47.713;1;620598;182096;0
22222222;2018-02-14 14:00:12.150;0;1;1;24;2018-02-14 14:00:12.173;0;620560;182070;0
22222222;2018-02-14 14:00:12.150;0;1;1;21;2018-02-14 14:00:12.180;0;620562;182071;0
22222222;2018-02-14 14:00:12.143;1983;1;1;41;2018-02-14 14:00:12.167;1;620559;182051;0
22222222;2018-02-14 13:59:37.123;0;2;1;21;2018-02-14 13:59:37.140;0;620488;182057;0
22222222;2018-02-14 13:59:35.793;0;2;1;22;2018-02-14 13:59:35.807;0;620483;182056;0
22222222;2018-02-14 13:59:34.893;0;2;1;24;2018-02-14 13:59:34.910;0;620479;182054;0
22222222;2018-02-14 13:59:34.887;812;2;1;41;2018-02-14 13:59:34.903;1;620478;182052;0
22222222;2018-02-14 13:59:01.740;0;1;1;21;2018-02-14 13:59:01.757;0;620428;182028;0
22222222;2018-02-14 13:59:00.413;0;1;1;22;2018-02-14 13:59:00.427;0;620423;182026;0
22222222;2018-02-14 13:58:59.527;0;1;1;24;2018-02-14 13:58:59.547;0;620418;182025;0
22222222;2018-02-14 13:58:59.510;1981;1;1;41;2018-02-14 13:58:59.530;1;620417;182018;0
22222222;2018-02-14 13:58:24.753;0;2;1;21;2018-02-14 13:58:24.763;0;620364;182019;0
22222222;2018-02-14 13:58:23.423;0;2;1;22;2018-02-14 13:58:23.440;0;620358;182017;0
22222222;2018-02-14 13:58:22.530;0;2;1;24;2018-02-14 13:58:22.543;0;620354;182015;0
22222222;2018-02-14 13:58:22.523;810;2;1;41;2018-02-14 13:58:22.540;1;620353;182013;0
22222222;2018-02-14 13:57:49.947;0;1;1;21;2018-02-14 13:57:49.957;0;620289;181990;0
22222222;2018-02-14 13:57:48.607;0;1;1;22;2018-02-14 13:57:48.630;0;620277;181986;0
22222222;2018-02-14 13:57:47.717;0;1;1;24;2018-02-14 13:57:47.750;0;620269;181983;0
22222222;2018-02-14 13:57:47.710;1979;1;1;41;2018-02-14 13:57:47.737;1;620268;181980;0
22222222;2018-02-14 13:57:13.083;0;2;1;21;2018-02-14 13:57:13.097;0;620191;181981;0
22222222;2018-02-14 13:57:11.757;0;2;1;22;2018-02-14 13:57:11.767;0;620182;181979;0
22222222;2018-02-14 13:57:10.877;0;2;1;24;2018-02-14 13:57:10.890;0;620178;181977;0
22222222;2018-02-14 13:57:10.863;808;2;1;41;2018-02-14 13:57:10.883;1;620177;181975;0
22222222;2018-02-14 13:56:37.233;0;1;1;21;2018-02-14 13:56:37.250;0;620108;181950;0
22222222;2018-02-14 13:56:35.907;0;1;1;22;2018-02-14 13:56:35.920;0;620097;181948;0
22222222;2018-02-14 13:56:35.033;0;1;1;24;2018-02-14 13:56:35.053;0;620091;181947;0
22222222;2018-02-14 13:56:35.017;1977;1;1;41;2018-02-14 13:56:35.047;1;620090;181933;0
22222222;2018-02-14 13:56:00.217;0;2;1;21;2018-02-14 13:56:00.233;0;620042;181939;0
22222222;2018-02-14 13:55:58.873;0;2;1;22;2018-02-14 13:55:58.887;0;620038;181938;0
22222222;2018-02-14 13:55:58.010;0;2;1;24;2018-02-14 13:55:58.043;0;620033;181936;0
22222222;2018-02-14 13:55:57.993;806;2;1;41;2018-02-14 13:55:58.023;1;620032;181934;0
22222222;2018-02-14 13:55:23.507;0;1;1;21;2018-02-14 13:55:23.527;0;619970;181900;0
22222222;2018-02-14 13:55:22.167;0;1;1;22;2018-02-14 13:55:22.180;0;619966;181898;0
22222222;2018-02-14 13:55:21.273;0;1;1;24;2018-02-14 13:55:21.300;0;619962;181897;0
22222222;2018-02-14 13:55:21.267;1975;1;1;41;2018-02-14 13:55:21.290;1;619961;181895;0
22222222;2018-02-14 13:54:46.333;0;2;1;21;2018-02-14 13:54:46.347;0;619923;181896;0
22222222;2018-02-14 13:54:44.997;0;2;1;22;2018-02-14 13:54:45.020;0;619919;181894;0
22222222;2018-02-14 13:54:44.103;0;2;1;24;2018-02-14 13:54:44.123;0;619915;181892;0
22222222;2018-02-14 13:54:44.097;804;2;1;41;2018-02-14 13:54:44.113;1;619914;181890;0
22222222;2018-02-14 13:54:10.843;0;1;1;21;2018-02-14 13:54:10.877;0;619863;181860;0
22222222;2018-02-14 13:54:09.517;0;1;1;22;2018-02-14 13:54:09.530;0;619858;181858;0
22222222;2018-02-14 13:54:08.640;0;1;1;24;2018-02-14 13:54:08.660;0;619852;181856;0
22222222;2018-02-14 13:54:08.627;1973;1;1;41;2018-02-14 13:54:08.647;1;619851;181854;0
22222222;2018-02-14 13:53:33.837;0;2;1;21;2018-02-14 13:53:33.850;0;619811;181855;0
22222222;2018-02-14 13:53:32.513;0;2;1;22;2018-02-14 13:53:32.527;0;619804;181853;0
22222222;2018-02-14 13:53:31.633;0;2;1;24;2018-02-14 13:53:31.650;0;619800;181851;0
22222222;2018-02-14 13:53:31.620;802;2;1;41;2018-02-14 13:53:31.643;1;619799;181849;0
22222222;2018-02-14 13:52:58.270;0;1;1;21;2018-02-14 13:52:58.287;0;619731;181822;0
22222222;2018-02-14 13:52:56.930;0;1;1;22;2018-02-14 13:52:56.940;0;619726;181820;0
22222222;2018-02-14 13:52:56.057;0;1;1;24;2018-02-14 13:52:56.080;0;619720;181819;0
22222222;2018-02-14 13:52:56.040;1971;1;1;41;2018-02-14 13:52:56.070;1;619719;181810;0
22222222;2018-02-14 13:52:21.017;0;2;1;21;2018-02-14 13:52:21.037;0;619648;181816;0
22222222;2018-02-14 13:52:19.677;0;2;1;22;2018-02-14 13:52:19.693;0;619643;181815;0
22222222;2018-02-14 13:52:18.787;0;2;1;24;2018-02-14 13:52:18.807;0;619639;181813;0
22222222;2018-02-14 13:52:18.777;800;2;1;41;2018-02-14 13:52:18.800;1;619638;181811;0
22222222;2018-02-14 13:51:45.027;0;1;1;21;2018-02-14 13:51:45.040;0;619555;181785;0
22222222;2018-02-14 13:51:43.703;0;1;1;22;2018-02-14 13:51:43.717;0;619551;181783;0
22222222;2018-02-14 13:51:42.830;0;1;1;24;2018-02-14 13:51:42.870;0;619546;181782;0
22222222;2018-02-14 13:51:42.820;1969;1;1;41;2018-02-14 13:51:42.857;1;619545;181768;0
22222222;2018-02-14 13:51:07.683;0;2;1;21;2018-02-14 13:51:07.697;0;619460;181769;0
22222222;2018-02-14 13:51:06.360;0;2;1;22;2018-02-14 13:51:06.373;0;619455;181767;0
22222222;2018-02-14 13:51:05.473;0;2;1;24;2018-02-14 13:51:05.487;0;619451;181765;0
22222222;2018-02-14 13:51:05.463;798;2;1;41;2018-02-14 13:51:05.480;1;619450;181763;0
22222222;2018-02-14 13:50:32.927;0;1;1;21;2018-02-14 13:50:32.937;0;619400;181736;0
22222222;2018-02-14 13:50:31.603;0;1;1;22;2018-02-14 13:50:31.623;0;619395;181734;0
22222222;2018-02-14 13:50:30.710;0;1;1;24;2018-02-14 13:50:30.730;0;619390;181732;0
22222222;2018-02-14 13:50:30.700;1967;1;1;41;2018-02-14 13:50:30.720;1;619389;181725;0
22222222;2018-02-14 13:49:56.110;0;2;1;21;2018-02-14 13:49:56.120;0;619350;181726;0
22222222;2018-02-14 13:49:54.783;0;2;1;22;2018-02-14 13:49:54.797;0;619345;181724;0
22222222;2018-02-14 13:49:53.887;0;2;1;24;2018-02-14 13:49:53.910;0;619341;181722;0
22222222;2018-02-14 13:49:53.877;796;2;1;41;2018-02-14 13:49:53.897;1;619340;181720;0
22222222;2018-02-14 13:49:19.827;0;1;1;21;2018-02-14 13:49:19.837;0;619314;181697;0
22222222;2018-02-14 13:49:18.497;0;1;1;22;2018-02-14 13:49:18.510;0;619310;181695;0
22222222;2018-02-14 13:49:17.613;0;1;1;24;2018-02-14 13:49:17.630;0;619295;181692;0
22222222;2018-02-14 13:49:17.607;1965;1;1;41;2018-02-14 13:49:17.623;1;619293;181689;0
22222222;2018-02-14 13:48:40.840;0;2;1;21;2018-02-14 13:48:40.853;0;619252;181691;0
22222222;2018-02-14 13:48:40.753;0;1;1;25;2018-02-14 13:48:40.773;0;619246;181690;0
22222222;2018-02-14 13:48:40.753;1965;1;1;40;2018-02-14 13:48:40.773;1;619247;181689;0
22222222;2018-02-14 13:48:39.483;0;2;1;22;2018-02-14 13:48:39.497;0;619242;181688;0
22222222;2018-02-14 13:48:39.480;0;2;1;24;2018-02-14 13:48:39.493;0;619239;181687;0
22222222;2018-02-14 13:48:39.390;0;1;1;22;2018-02-14 13:48:39.413;0;619237;181686;0
22222222;2018-02-14 13:48:39.387;0;1;1;24;2018-02-14 13:48:39.403;0;619235;181685;0
22222222;2018-02-14 13:48:38.233;0;2;1;22;2018-02-14 13:48:38.247;0;619234;181684;0
22222222;2018-02-14 13:48:38.177;0;1;1;22;2018-02-14 13:48:38.197;0;619232;181683;0
22222222;2018-02-14 13:48:28.803;0;1;1;21;2018-02-14 13:48:28.823;0;619219;181680;0
22222222;2018-02-14 13:48:28.800;0;1;1;24;2018-02-14 13:48:28.817;0;619215;181679;0
22222222;2018-02-14 13:48:28.790;1963;1;1;41;2018-02-14 13:48:28.810;1;619213;181674;0
22222222;2018-02-14 13:48:01.733;1963;1;1;40;2018-02-14 13:48:01.753;1;619172;181674;0
22222222;2018-02-14 13:48:01.730;0;1;1;25;2018-02-14 13:48:01.750;0;619171;181673;0
22222222;2018-02-14 13:48:00.417;0;1;1;24;2018-02-14 13:48:00.427;0;619167;181671;0
22222222;2018-02-14 13:48:00.417;0;1;1;22;2018-02-14 13:48:00.430;0;619169;181672;0
22222222;2018-02-14 13:47:59.233;0;1;1;22;2018-02-14 13:47:59.243;0;619164;181670;0
22222222;2018-02-14 13:47:56.813;0;1;1;21;2018-02-14 13:47:56.857;0;619154;181669;0
22222222;2018-02-14 13:47:56.810;0;1;1;24;2018-02-14 13:47:56.837;0;619149;181668;0
22222222;2018-02-14 13:47:56.787;1961;1;1;41;2018-02-14 13:47:56.827;1;619147;181665;0
22222222;2018-02-14 13:47:28.880;1961;1;1;40;2018-02-14 13:47:28.897;1;619100;181665;0
22222222;2018-02-14 13:47:28.877;0;1;1;25;2018-02-14 13:47:28.897;0;619099;181664;0
22222222;2018-02-14 13:47:27.570;0;1;1;22;2018-02-14 13:47:27.597;0;619097;181663;0
22222222;2018-02-14 13:47:27.567;0;1;1;24;2018-02-14 13:47:27.587;0;619095;181662;0
22222222;2018-02-14 13:47:26.370;0;1;1;22;2018-02-14 13:47:26.380;0;619093;181661;0
22222222;2018-02-14 13:47:23.923;0;1;1;21;2018-02-14 13:47:23.957;0;619085;181660;0
22222222;2018-02-14 13:47:23.917;0;1;1;24;2018-02-14 13:47:23.947;0;619081;181659;0
22222222;2018-02-14 13:47:23.890;1959;1;1;41;2018-02-14 13:47:23.933;1;619079;181658;0
22222222;2018-02-14 13:46:56.107;1959;1;1;40;2018-02-14 13:46:56.127;1;619034;181658;0
22222222;2018-02-14 13:46:56.103;0;1;1;25;2018-02-14 13:46:56.127;0;619033;181657;0
22222222;2018-02-14 13:46:54.773;0;1;1;22;2018-02-14 13:46:54.800;0;619028;181656;0
22222222;2018-02-14 13:46:54.770;0;1;1;24;2018-02-14 13:46:54.787;0;619025;181655;0
22222222;2018-02-14 13:46:53.587;0;1;1;22;2018-02-14 13:46:53.597;0;619015;181653;0
22222222;2018-02-14 13:46:50.320;0;1;1;21;2018-02-14 13:46:50.343;0;618993;181647;0
22222222;2018-02-14 13:46:50.317;0;1;1;24;2018-02-14 13:46:50.337;0;618989;181646;0
22222222;2018-02-14 13:46:50.313;1957;1;1;41;2018-02-14 13:46:50.330;1;618987;181645;0
22222222;2018-02-14 13:46:23.297;1957;1;1;40;2018-02-14 13:46:23.313;1;618947;181645;0
22222222;2018-02-14 13:46:23.293;0;1;1;25;2018-02-14 13:46:23.313;0;618946;181644;0
22222222;2018-02-14 13:46:21.990;0;1;1;22;2018-02-14 13:46:22.017;0;618941;181643;0
22222222;2018-02-14 13:46:21.983;0;1;1;24;2018-02-14 13:46:22.003;0;618939;181642;0
22222222;2018-02-14 13:46:20.780;0;1;1;22;2018-02-14 13:46:20.790;0;618932;181641;0
22222222;2018-02-14 13:46:18.097;0;1;1;21;2018-02-14 13:46:18.120;0;618920;181640;0
22222222;2018-02-14 13:46:18.093;0;1;1;24;2018-02-14 13:46:18.117;0;618918;181639;0
22222222;2018-02-14 13:46:18.083;1955;1;1;41;2018-02-14 13:46:18.103;1;618915;181625;0
22222222;2018-02-14 13:45:51.440;1955;1;1;40;2018-02-14 13:45:51.453;1;618861;181625;0
22222222;2018-02-14 13:45:51.437;0;1;1;25;2018-02-14 13:45:51.450;0;618860;181624;0
22222222;2018-02-14 13:45:50.130;0;1;1;22;2018-02-14 13:45:50.143;0;618856;181622;0
22222222;2018-02-14 13:45:50.123;0;1;1;24;2018-02-14 13:45:50.140;0;618854;181621;0
22222222;2018-02-14 13:45:48.907;0;1;1;22;2018-02-14 13:45:48.920;0;618850;181620;0
22222222;2018-02-14 13:45:46.113;0;1;1;21;2018-02-14 13:45:46.140;0;618846;181619;0
22222222;2018-02-14 13:45:46.110;0;1;1;24;2018-02-14 13:45:46.130;0;618844;181618;0
22222222;2018-02-14 13:45:46.103;1953;1;1;41;2018-02-14 13:45:46.123;1;618842;181617;0
22222222;2018-02-14 13:45:19.803;0;1;1;25;2018-02-14 13:45:19.820;0;618833;181616;0
22222222;2018-02-14 13:45:19.803;1953;1;1;40;2018-02-14 13:45:19.823;1;618834;181617;0
22222222;2018-02-14 13:45:18.493;0;1;1;22;2018-02-14 13:45:18.513;0;618831;181615;0
22222222;2018-02-14 13:45:18.487;0;1;1;24;2018-02-14 13:45:18.503;0;618829;181614;0
22222222;2018-02-14 13:45:17.290;0;1;1;22;2018-02-14 13:45:17.303;0;618825;181613;0
22222222;2018-02-14 13:45:14.757;0;1;1;21;2018-02-14 13:45:14.777;0;618821;181612;0
22222222;2018-02-14 13:45:14.753;0;1;1;24;2018-02-14 13:45:14.770;0;618819;181611;0
22222222;2018-02-14 13:45:14.743;1951;1;1;41;2018-02-14 13:45:14.763;1;618817;181610;0
22222222;2018-02-14 13:44:48.227;0;1;1;25;2018-02-14 13:44:48.240;0;618808;181609;0
22222222;2018-02-14 13:44:48.227;1951;1;1;40;2018-02-14 13:44:48.243;1;618809;181610;0
22222222;2018-02-14 13:44:46.913;0;1;1;22;2018-02-14 13:44:46.933;0;618806;181608;0
22222222;2018-02-14 13:44:46.910;0;1;1;24;2018-02-14 13:44:46.923;0;618804;181607;0
22222222;2018-02-14 13:44:45.690;0;1;1;22;2018-02-14 13:44:45.703;0;618802;181606;0
22222222;2018-02-14 13:44:43.457;0;1;1;21;2018-02-14 13:44:43.487;0;618798;181605;0
22222222;2018-02-14 13:44:43.453;0;1;1;24;2018-02-14 13:44:43.473;0;618794;181604;0
22222222;2018-02-14 13:44:43.443;1949;1;1;41;2018-02-14 13:44:43.467;1;618792;181603;0
22222222;2018-02-14 13:44:16.557;0;1;1;25;2018-02-14 13:44:16.570;0;618782;181602;0
22222222;2018-02-14 13:44:16.557;1949;1;1;40;2018-02-14 13:44:16.570;1;618783;181603;0
22222222;2018-02-14 13:44:15.250;0;1;1;22;2018-02-14 13:44:15.263;0;618780;181601;0
22222222;2018-02-14 13:44:15.247;0;1;1;24;2018-02-14 13:44:15.260;0;618778;181600;0
22222222;2018-02-14 13:44:14.040;0;1;1;22;2018-02-14 13:44:14.053;0;618776;181599;0
22222222;2018-02-14 13:44:11.323;0;1;1;21;2018-02-14 13:44:11.353;0;618763;181596;0
22222222;2018-02-14 13:44:11.320;0;1;1;24;2018-02-14 13:44:11.340;0;618759;181595;0
22222222;2018-02-14 13:44:11.317;1947;1;1;41;2018-02-14 13:44:11.333;1;618757;181588;0
22222222;2018-02-14 13:43:42.563;0;1;1;25;2018-02-14 13:43:42.580;0;618710;181587;0
22222222;2018-02-14 13:43:42.563;1947;1;1;40;2018-02-14 13:43:42.580;1;618711;181588;0
22222222;2018-02-14 13:43:41.257;0;1;1;22;2018-02-14 13:43:41.287;0;618705;181586;0
22222222;2018-02-14 13:43:41.253;0;1;1;24;2018-02-14 13:43:41.273;0;618703;181585;0
22222222;2018-02-14 13:43:40.050;0;1;1;22;2018-02-14 13:43:40.063;0;618701;181584;0
22222222;2018-02-14 13:43:37.577;0;1;1;21;2018-02-14 13:43:37.600;0;618694;181583;0
22222222;2018-02-14 13:43:37.573;0;1;1;24;2018-02-14 13:43:37.593;0;618692;181582;0
22222222;2018-02-14 13:43:37.550;1945;1;1;41;2018-02-14 13:43:37.590;1;618690;181581;0
22222222;2018-02-14 13:43:08.717;1945;1;1;40;2018-02-14 13:43:08.737;1;618662;181581;0
22222222;2018-02-14 13:43:08.713;0;1;1;25;2018-02-14 13:43:08.733;0;618661;181580;0
22222222;2018-02-14 13:43:07.387;0;1;1;22;2018-02-14 13:43:07.407;0;618657;181579;0
22222222;2018-02-14 13:43:07.380;0;1;1;24;2018-02-14 13:43:07.397;0;618655;181578;0
22222222;2018-02-14 13:43:06.170;0;1;1;22;2018-02-14 13:43:06.183;0;618653;181577;0
22222222;2018-02-14 13:43:02.963;0;1;1;21;2018-02-14 13:43:03.000;0;618646;181576;0
22222222;2018-02-14 13:43:02.960;0;1;1;24;2018-02-14 13:43:02.987;0;618642;181575;0
22222222;2018-02-14 13:43:02.947;1943;1;1;41;2018-02-14 13:43:02.977;1;618640;181568;0
22222222;2018-02-14 13:42:32.677;0;1;1;25;2018-02-14 13:42:32.693;0;618584;181567;0
22222222;2018-02-14 13:42:32.677;1943;1;1;40;2018-02-14 13:42:32.693;1;618585;181568;0
22222222;2018-02-14 13:42:31.363;0;1;1;22;2018-02-14 13:42:31.383;0;618581;181566;0
22222222;2018-02-14 13:42:31.360;0;1;1;24;2018-02-14 13:42:31.373;0;618579;181565;0
22222222;2018-02-14 13:42:30.160;0;1;1;22;2018-02-14 13:42:30.170;0;618577;181564;0
22222222;2018-02-14 13:42:27.127;0;1;1;21;2018-02-14 13:42:27.163;0;618565;181563;0
22222222;2018-02-14 13:42:27.123;0;1;1;24;2018-02-14 13:42:27.147;0;618561;181562;0
22222222;2018-02-14 13:42:27.103;1941;1;1;41;2018-02-14 13:42:27.137;1;618559;181561;0
22222222;2018-02-14 13:41:57.717;0;1;1;25;2018-02-14 13:41:57.737;0;618496;181560;0
22222222;2018-02-14 13:41:57.717;1941;1;1;40;2018-02-14 13:41:57.740;1;618497;181561;0
22222222;2018-02-14 13:41:56.390;0;1;1;22;2018-02-14 13:41:56.407;0;618492;181559;0
22222222;2018-02-14 13:41:56.387;0;1;1;24;2018-02-14 13:41:56.400;0;618490;181558;0
22222222;2018-02-14 13:41:55.200;0;1;1;22;2018-02-14 13:41:55.217;0;618487;181557;0
22222222;2018-02-14 13:41:52.837;0;1;1;21;2018-02-14 13:41:52.873;0;618478;181556;0
22222222;2018-02-14 13:41:52.833;0;1;1;24;2018-02-14 13:41:52.860;0;618474;181555;0
22222222;2018-02-14 13:41:52.820;1939;1;1;41;2018-02-14 13:41:52.850;1;618472;181550;0
22222222;2018-02-14 13:41:23.787;0;1;1;25;2018-02-14 13:41:23.807;0;618401;181549;0
22222222;2018-02-14 13:41:23.787;1939;1;1;40;2018-02-14 13:41:23.807;1;618402;181550;0
22222222;2018-02-14 13:41:22.477;0;1;1;22;2018-02-14 13:41:22.490;0;618395;181548;0
22222222;2018-02-14 13:41:22.473;0;1;1;24;2018-02-14 13:41:22.487;0;618393;181547;0
22222222;2018-02-14 13:41:21.307;0;1;1;22;2018-02-14 13:41:21.320;0;618387;181546;0
22222222;2018-02-14 13:41:18.783;0;1;1;21;2018-02-14 13:41:18.807;0;618381;181545;0
22222222;2018-02-14 13:41:18.780;0;1;1;24;2018-02-14 13:41:18.800;0;618377;181544;0
22222222;2018-02-14 13:41:18.763;1937;1;1;41;2018-02-14 13:41:18.793;1;618375;181543;0
22222222;2018-02-14 13:40:49.920;1937;1;1;40;2018-02-14 13:40:49.933;1;618305;181543;0
22222222;2018-02-14 13:40:49.917;0;1;1;25;2018-02-14 13:40:49.930;0;618304;181542;0
22222222;2018-02-14 13:40:48.593;0;1;1;24;2018-02-14 13:40:48.603;0;618297;181540;0
22222222;2018-02-14 13:40:48.593;0;1;1;22;2018-02-14 13:40:48.610;0;618299;181541;0
22222222;2018-02-14 13:40:47.397;0;1;1;22;2018-02-14 13:40:47.410;0;618295;181539;0
22222222;2018-02-14 13:40:44.423;0;1;1;21;2018-02-14 13:40:44.450;0;618283;181538;0
22222222;2018-02-14 13:40:44.420;0;1;1;24;2018-02-14 13:40:44.440;0;618280;181537;0
22222222;2018-02-14 13:40:44.410;1935;1;1;41;2018-02-14 13:40:44.430;1;618278;181529;0
22222222;2018-02-14 13:40:16.037;0;1;1;25;2018-02-14 13:40:16.057;0;618200;181528;0
22222222;2018-02-14 13:40:16.037;1935;1;1;40;2018-02-14 13:40:16.057;1;618201;181529;0
22222222;2018-02-14 13:40:14.730;0;1;1;22;2018-02-14 13:40:14.760;0;618191;181525;0
22222222;2018-02-14 13:40:14.723;0;1;1;24;2018-02-14 13:40:14.747;0;618189;181524;0
22222222;2018-02-14 13:40:13.520;0;1;1;22;2018-02-14 13:40:13.533;0;618183;181521;0
22222222;2018-02-14 13:40:11.103;0;1;1;24;2018-02-14 13:40:11.117;0;618173;181518;0
22222222;2018-02-14 13:40:11.103;0;1;1;21;2018-02-14 13:40:11.123;0;618176;181519;0
22222222;2018-02-14 13:40:11.093;1933;1;1;41;2018-02-14 13:40:11.110;1;618171;181517;0
22222222;2018-02-14 13:39:42.247;0;1;1;25;2018-02-14 13:39:42.263;0;618158;181516;0
22222222;2018-02-14 13:39:42.247;1933;1;1;40;2018-02-14 13:39:42.267;1;618159;181517;0
22222222;2018-02-14 13:39:40.937;0;1;1;22;2018-02-14 13:39:40.953;0;618154;181515;0
22222222;2018-02-14 13:39:40.930;0;1;1;24;2018-02-14 13:39:40.947;0;618152;181514;0
22222222;2018-02-14 13:39:39.717;0;1;1;22;2018-02-14 13:39:39.727;0;618150;181513;0
22222222;2018-02-14 13:39:37.360;0;1;1;21;2018-02-14 13:39:37.387;0;618144;181512;0
22222222;2018-02-14 13:39:37.353;0;1;1;24;2018-02-14 13:39:37.380;0;618141;181511;0
22222222;2018-02-14 13:39:37.327;1931;1;1;41;2018-02-14 13:39:37.370;1;618139;181510;0
22222222;2018-02-14 13:39:08.503;0;1;1;25;2018-02-14 13:39:08.523;0;618117;181509;0
22222222;2018-02-14 13:39:08.503;1931;1;1;40;2018-02-14 13:39:08.523;1;618118;181510;0
22222222;2018-02-14 13:39:07.193;0;1;1;22;2018-02-14 13:39:07.203;0;618115;181508;0
22222222;2018-02-14 13:39:07.190;0;1;1;24;2018-02-14 13:39:07.200;0;618113;181507;0
22222222;2018-02-14 13:39:05.977;0;1;1;22;2018-02-14 13:39:05.987;0;618110;181506;0
22222222;2018-02-14 13:39:03.717;0;1;1;21;2018-02-14 13:39:03.753;0;618100;181504;0
22222222;2018-02-14 13:39:03.713;0;1;1;24;2018-02-14 13:39:03.747;0;618097;181503;0
22222222;2018-02-14 13:39:03.687;1929;1;1;41;2018-02-14 13:39:03.743;1;618095;181493;0
22222222;2018-02-14 13:38:34.743;0;1;1;25;2018-02-14 13:38:34.753;0;618053;181492;0
22222222;2018-02-14 13:38:34.743;1929;1;1;40;2018-02-14 13:38:34.757;1;618054;181493;0
22222222;2018-02-14 13:38:33.417;0;1;1;22;2018-02-14 13:38:33.430;0;618051;181491;0
22222222;2018-02-14 13:38:33.413;0;1;1;24;2018-02-14 13:38:33.427;0;618049;181490;0
22222222;2018-02-14 13:38:32.210;0;1;1;22;2018-02-14 13:38:32.223;0;618046;181489;0
22222222;2018-02-14 13:38:29.550;0;1;1;21;2018-02-14 13:38:29.573;0;618042;181488;0
22222222;2018-02-14 13:38:29.547;0;1;1;24;2018-02-14 13:38:29.563;0;618039;181487;0
22222222;2018-02-14 13:38:29.537;1927;1;1;41;2018-02-14 13:38:29.557;1;618037;181479;0
22222222;2018-02-14 13:38:00.923;0;1;1;25;2018-02-14 13:38:00.937;0;617999;181478;0
22222222;2018-02-14 13:38:00.923;1927;1;1;40;2018-02-14 13:38:00.940;1;618000;181479;0
22222222;2018-02-14 13:37:59.617;0;1;1;22;2018-02-14 13:37:59.633;0;617996;181477;0
22222222;2018-02-14 13:37:59.610;0;1;1;24;2018-02-14 13:37:59.627;0;617994;181476;0
22222222;2018-02-14 13:37:58.410;0;1;1;22;2018-02-14 13:37:58.423;0;617990;181475;0
22222222;2018-02-14 13:37:55.497;0;1;1;21;2018-02-14 13:37:55.513;0;617984;181474;0
22222222;2018-02-14 13:37:55.493;0;1;1;24;2018-02-14 13:37:55.510;0;617980;181473;0
22222222;2018-02-14 13:37:55.483;1925;1;1;41;2018-02-14 13:37:55.503;1;617978;181472;0
22222222;2018-02-14 13:37:27.180;1925;1;1;40;2018-02-14 13:37:27.193;1;617958;181472;0
22222222;2018-02-14 13:37:27.177;0;1;1;25;2018-02-14 13:37:27.190;0;617957;181471;0
22222222;2018-02-14 13:37:25.857;0;1;1;22;2018-02-14 13:37:25.887;0;617954;181470;0
22222222;2018-02-14 13:37:25.850;0;1;1;24;2018-02-14 13:37:25.870;0;617952;181469;0
22222222;2018-02-14 13:37:24.650;0;1;1;22;2018-02-14 13:37:24.660;0;617950;181468;0
22222222;2018-02-14 13:37:22.367;0;1;1;21;2018-02-14 13:37:22.393;0;617945;181467;0
22222222;2018-02-14 13:37:22.363;0;1;1;24;2018-02-14 13:37:22.383;0;617941;181466;0
22222222;2018-02-14 13:37:22.343;1923;1;1;41;2018-02-14 13:37:22.373;1;617939;181464;0
22222222;2018-02-14 13:36:53.453;1923;1;1;40;2018-02-14 13:36:53.467;1;617906;181464;0
22222222;2018-02-14 13:36:53.450;0;1;1;25;2018-02-14 13:36:53.463;0;617905;181463;0
22222222;2018-02-14 13:36:52.127;0;1;1;22;2018-02-14 13:36:52.153;0;617902;181462;0
22222222;2018-02-14 13:36:52.123;0;1;1;24;2018-02-14 13:36:52.140;0;617900;181461;0
22222222;2018-02-14 13:36:50.930;0;1;1;22;2018-02-14 13:36:50.943;0;617895;181460;0
22222222;2018-02-14 13:36:48.587;0;1;1;21;2018-02-14 13:36:48.607;0;617889;181459;0
22222222;2018-02-14 13:36:48.583;0;1;1;24;2018-02-14 13:36:48.600;0;617886;181458;0
22222222;2018-02-14 13:36:48.563;1921;1;1;41;2018-02-14 13:36:48.597;1;617884;181454;0
22222222;2018-02-14 13:36:19.570;1921;1;1;40;2018-02-14 13:36:19.583;1;617840;181454;0
22222222;2018-02-14 13:36:19.567;0;1;1;25;2018-02-14 13:36:19.583;0;617839;181453;0
22222222;2018-02-14 13:36:18.263;0;1;1;22;2018-02-14 13:36:18.293;0;617834;181451;0
22222222;2018-02-14 13:36:18.257;0;1;1;24;2018-02-14 13:36:18.280;0;617832;181450;0
22222222;2018-02-14 13:36:17.033;0;1;1;22;2018-02-14 13:36:17.047;0;617821;181448;0
22222222;2018-02-14 13:36:14.307;0;1;1;21;2018-02-14 13:36:14.330;0;617815;181447;0
22222222;2018-02-14 13:36:14.303;0;1;1;24;2018-02-14 13:36:14.323;0;617812;181446;0
22222222;2018-02-14 13:36:14.290;1919;1;1;41;2018-02-14 13:36:14.320;1;617810;181440;0
22222222;2018-02-14 13:35:45.687;1919;1;1;40;2018-02-14 13:35:45.707;1;617758;181440;0
22222222;2018-02-14 13:35:45.683;0;1;1;25;2018-02-14 13:35:45.703;0;617757;181441;0
22222222;2018-02-14 13:35:44.367;0;1;1;22;2018-02-14 13:35:44.387;0;617751;181439;0
22222222;2018-02-14 13:35:44.360;0;1;1;24;2018-02-14 13:35:44.373;0;617749;181438;0
22222222;2018-02-14 13:35:43.157;0;1;1;22;2018-02-14 13:35:43.173;0;617746;181437;0
22222222;2018-02-14 13:35:39.997;0;1;1;21;2018-02-14 13:35:40.017;0;617741;181436;0
22222222;2018-02-14 13:35:39.993;0;1;1;24;2018-02-14 13:35:40.010;0;617737;181435;0
22222222;2018-02-14 13:35:39.987;1917;1;1;41;2018-02-14 13:35:40.003;1;617735;181433;0
22222222;2018-02-14 13:35:10.803;1917;1;1;40;2018-02-14 13:35:10.813;1;617674;181433;0
22222222;2018-02-14 13:35:10.800;0;1;1;25;2018-02-14 13:35:10.813;0;617673;181434;0
22222222;2018-02-14 13:35:09.480;0;1;1;22;2018-02-14 13:35:09.507;0;617667;181432;0
22222222;2018-02-14 13:35:09.477;0;1;1;24;2018-02-14 13:35:09.497;0;617665;181431;0
22222222;2018-02-14 13:35:08.253;0;1;1;22;2018-02-14 13:35:08.263;0;617661;181430;0
22222222;2018-02-14 13:34:58.670;0;2;1;21;2018-02-14 13:34:58.697;0;617643;181428;0
22222222;2018-02-14 13:34:58.667;0;2;1;24;2018-02-14 13:34:58.687;0;617639;181427;0
22222222;2018-02-14 13:34:58.637;794;2;1;41;2018-02-14 13:34:58.663;1;617637;181425;0
22222222;2018-02-14 13:34:20.477;0;2;1;25;2018-02-14 13:34:20.490;0;617550;181398;0
22222222;2018-02-14 13:34:20.477;794;2;1;40;2018-02-14 13:34:20.493;1;617551;181399;0
22222222;2018-02-14 13:34:19.153;0;2;1;22;2018-02-14 13:34:19.177;0;617544;181396;0
22222222;2018-02-14 13:34:19.147;0;2;1;24;2018-02-14 13:34:19.167;0;617542;181395;0
22222222;2018-02-14 13:34:17.937;0;2;1;22;2018-02-14 13:34:17.947;0;617535;181394;0
22222222;2018-02-14 13:34:07.723;0;1;1;21;2018-02-14 13:34:07.753;0;617505;181388;0
22222222;2018-02-14 13:34:07.720;0;1;1;24;2018-02-14 13:34:07.743;0;617503;181387;0
22222222;2018-02-14 13:34:07.707;1915;1;1;41;2018-02-14 13:34:07.730;1;617501;181374;0
22222222;2018-02-14 13:33:30.980;1915;1;1;40;2018-02-14 13:33:30.990;1;617415;181374;0
22222222;2018-02-14 13:33:30.977;0;1;1;25;2018-02-14 13:33:30.990;0;617414;181375;0
22222222;2018-02-14 13:33:29.650;0;1;1;22;2018-02-14 13:33:29.667;0;617408;181373;0
22222222;2018-02-14 13:33:29.647;0;1;1;24;2018-02-14 13:33:29.660;0;617406;181372;0
22222222;2018-02-14 13:33:28.433;0;1;1;22;2018-02-14 13:33:28.450;0;617404;181371;0
22222222;2018-02-14 13:33:16.777;0;1;1;21;2018-02-14 13:33:16.807;0;617387;181370;0
22222222;2018-02-14 13:33:16.770;0;1;1;24;2018-02-14 13:33:16.797;0;617383;181369;0
22222222;2018-02-14 13:33:16.750;1913;1;1;41;2018-02-14 13:33:16.780;1;617381;181368;0
22222222;2018-02-14 13:32:49.093;1913;1;1;40;2018-02-14 13:32:49.107;1;617343;181368;0
22222222;2018-02-14 13:32:49.090;0;1;1;25;2018-02-14 13:32:49.103;0;617342;181367;0
22222222;2018-02-14 13:32:47.783;0;1;1;22;2018-02-14 13:32:47.807;0;617339;181366;0
22222222;2018-02-14 13:32:47.780;0;1;1;24;2018-02-14 13:32:47.797;0;617337;181365;0
22222222;2018-02-14 13:32:46.577;0;1;1;22;2018-02-14 13:32:46.590;0;617331;181364;0
22222222;2018-02-14 13:32:37.513;0;0;0;50;2018-02-14 13:32:37.537;0;617318;0;0
22222222;2018-02-14 13:32:27.970;0;0;0;49;2018-02-14 13:32:27.980;0;617303;0;0
22222222;2018-02-14 13:32:22.000;0;0;0;48;2018-02-14 13:32:22.367;0;617291;181363;0
22222222;2018-02-14 13:32:15.000;0;0;0;47;2018-02-14 13:32:15.837;0;617279;181362;0
22222222;2018-02-14 13:32:09.000;0;0;0;46;2018-02-14 13:32:09.320;0;617260;181359;0
22222222;2018-02-14 13:32:02.000;0;0;0;45;2018-02-14 13:32:02.733;0;617249;181358;0
22222222;2018-02-14 13:31:56.000;0;0;0;44;2018-02-14 13:31:56.190;0;617231;181357;0
22222222;2018-02-14 13:31:49.000;0;0;0;43;2018-02-14 13:31:49.617;0;617216;181356;0
22222222;2018-02-14 13:31:43.000;0;0;0;42;2018-02-14 13:31:43.067;0;617202;181355;0
22222222;2018-02-14 13:31:24.933;0;0;0;31;2018-02-14 13:31:24.947;0;617174;181349;0
22222222;2018-02-14 13:30:58.900;0;0;0;6;2018-02-14 13:30:58.917;0;617142;181344;0
22222222;2018-02-14 13:30:58.897;0;0;0;6;2018-02-14 13:30:58.910;0;617140;181343;0
22222222;2018-02-14 13:29:23.423;0;0;0;50;2018-02-14 13:29:23.423;0;617042;181340;0
22222222;2018-02-14 13:29:14.937;0;0;0;50;2018-02-14 13:29:23.777;0;617044;0;0
22222222;2018-02-14 13:28:52.037;0;0;0;3;2018-02-14 13:29:23.287;0;617041;181339;0
22222222;2018-02-14 13:28:50.723;0;0;0;30;2018-02-14 13:29:23.230;0;617037;181337;0
22222222;2018-02-14 13:28:50.723;0;0;0;5;2018-02-14 13:29:23.230;0;617039;181338;0
22222222;2018-02-14 13:28:31.240;0;0;0;10000;2018-02-14 13:28:31.240;0;616933;181331;0
22222222;2018-02-14 13:28:21.020;0;0;0;6;2018-02-14 13:28:21.047;0;616918;181329;0
22222222;2018-02-14 13:28:17.717;0;0;0;5;2018-02-14 13:28:17.733;0;616910;181328;0
22222222;2018-02-14 13:28:11.687;0;2;1;21;2018-02-14 13:28:11.707;0;616892;181321;0
22222222;2018-02-14 13:28:11.673;0;1;1;21;2018-02-14 13:28:11.687;0;616888;181320;0
22222222;2018-02-14 13:28:11.647;0;0;0;6;2018-02-14 13:28:11.660;0;616886;181319;0
22222222;2018-02-14 13:28:08.507;0;0;0;5;2018-02-14 13:28:08.530;0;616883;181318;0
22222222;2018-02-14 13:27:58.957;0;2;1;24;2018-02-14 13:27:58.980;0;616875;181317;0
22222222;2018-02-14 13:27:58.947;790;2;1;41;2018-02-14 13:27:58.973;1;616873;181315;0
22222222;2018-02-14 13:27:33.333;790;2;1;40;2018-02-14 13:27:33.353;1;616837;181308;0
22222222;2018-02-14 13:27:33.330;0;2;1;25;2018-02-14 13:27:33.350;0;616836;181307;0
22222222;2018-02-14 13:27:31.987;0;2;1;22;2018-02-14 13:27:32.000;0;616833;181306;0
22222222;2018-02-14 13:27:31.110;0;2;1;24;2018-02-14 13:27:31.130;0;616826;181304;0
22222222;2018-02-14 13:27:31.100;788;2;1;41;2018-02-14 13:27:31.123;1;616824;181302;0
22222222;2018-02-14 13:27:07.547;788;2;1;40;2018-02-14 13:27:07.567;1;616794;181301;0
22222222;2018-02-14 13:27:07.543;0;2;1;25;2018-02-14 13:27:07.563;0;616793;181300;0
22222222;2018-02-14 13:27:06.217;0;2;1;22;2018-02-14 13:27:06.230;0;616791;181299;0
22222222;2018-02-14 13:27:06.213;0;2;1;24;2018-02-14 13:27:06.227;0;616789;181298;0
22222222;2018-02-14 13:27:05.027;0;2;1;22;2018-02-14 13:27:05.043;0;616781;181297;0
22222222;2018-02-14 13:26:57.217;0;1;1;24;2018-02-14 13:26:57.237;0;616769;181296;0
22222222;2018-02-14 13:26:57.210;1909;1;1;41;2018-02-14 13:26:57.230;1;616767;181295;0
22222222;2018-02-14 13:26:32.323;0;1;1;25;2018-02-14 13:26:32.333;0;616725;181294;0
22222222;2018-02-14 13:26:32.323;1909;1;1;40;2018-02-14 13:26:32.337;1;616726;181295;0
22222222;2018-02-14 13:26:30.993;0;1;1;22;2018-02-14 13:26:31.010;0;616717;181293;0
22222222;2018-02-14 13:26:30.107;0;1;1;24;2018-02-14 13:26:30.127;0;616711;181292;0
22222222;2018-02-14 13:26:30.100;1907;1;1;41;2018-02-14 13:26:30.120;1;616709;181289;0
22222222;2018-02-14 13:26:04.973;1907;1;1;40;2018-02-14 13:26:04.993;1;616648;181289;0
22222222;2018-02-14 13:26:04.970;0;1;1;25;2018-02-14 13:26:04.993;0;616647;181288;0
22222222;2018-02-14 13:26:03.660;0;1;1;22;2018-02-14 13:26:03.697;0;616642;181287;0
22222222;2018-02-14 13:26:03.657;0;1;1;24;2018-02-14 13:26:03.673;0;616640;181286;0
22222222;2018-02-14 13:26:02.463;0;1;1;22;2018-02-14 13:26:02.483;0;616632;181283;0
22222222;2018-02-14 13:25:53.277;0;2;1;21;2018-02-14 13:25:53.317;0;616599;181279;0
22222222;2018-02-14 13:25:53.273;0;2;1;24;2018-02-14 13:25:53.303;0;616597;181278;0
22222222;2018-02-14 13:25:53.250;786;2;1;41;2018-02-14 13:25:53.290;1;616595;181276;0
22222222;2018-02-14 13:25:29.747;0;2;1;25;2018-02-14 13:25:29.763;0;616555;181269;0
22222222;2018-02-14 13:25:29.747;786;2;1;40;2018-02-14 13:25:29.763;1;616556;181270;0
22222222;2018-02-14 13:25:28.437;0;2;1;22;2018-02-14 13:25:28.460;0;616553;181268;0
22222222;2018-02-14 13:25:28.433;0;2;1;24;2018-02-14 13:25:28.450;0;616551;181267;0
22222222;2018-02-14 13:25:27.217;0;2;1;22;2018-02-14 13:25:27.227;0;616548;181266;0
22222222;2018-02-14 13:25:17.760;0;1;1;21;2018-02-14 13:25:17.787;0;616538;181265;0
22222222;2018-02-14 13:25:17.757;0;1;1;24;2018-02-14 13:25:17.783;0;616534;181264;0
22222222;2018-02-14 13:25:17.743;1905;1;1;41;2018-02-14 13:25:17.770;1;616532;181263;0
22222222;2018-02-14 13:24:52.573;1905;1;1;40;2018-02-14 13:24:52.583;1;616511;181263;0
22222222;2018-02-14 13:24:52.570;0;1;1;25;2018-02-14 13:24:52.583;0;616510;181262;0
22222222;2018-02-14 13:24:51.247;0;1;1;22;2018-02-14 13:24:51.270;0;616507;181261;0
22222222;2018-02-14 13:24:51.243;0;1;1;24;2018-02-14 13:24:51.257;0;616505;181260;0
22222222;2018-02-14 13:24:50.040;0;1;1;22;2018-02-14 13:24:50.050;0;616503;181259;0
22222222;2018-02-14 13:24:42.420;0;0;0;6;2018-02-14 13:24:42.433;0;616497;181258;0
22222222;2018-02-14 13:24:40.297;0;0;0;5;2018-02-14 13:24:40.320;0;616493;181257;0
22222222;2018-02-14 13:24:34.843;1901;1;2;41;2018-02-14 13:24:34.853;1;616488;181256;0
22222222;2018-02-14 13:24:34.297;0;1;1;21;2018-02-14 13:24:34.320;0;616483;181255;0
22222222;2018-02-14 13:24:34.287;0;1;1;24;2018-02-14 13:24:34.303;0;616481;181254;0
22222222;2018-02-14 13:24:34.257;0;0;0;6;2018-02-14 13:24:34.273;0;616479;181253;0
22222222;2018-02-14 13:24:33.970;0;2;1;21;2018-02-14 13:24:33.983;0;616478;181252;0
22222222;2018-02-14 13:24:29.613;0;0;0;5;2018-02-14 13:24:29.630;0;616472;181251;0
22222222;2018-02-14 13:24:28.673;0;2;1;24;2018-02-14 13:24:28.703;0;616468;181249;0
22222222;2018-02-14 13:24:28.657;782;2;1;41;2018-02-14 13:24:28.690;1;616467;181247;0
22222222;2018-02-14 13:24:08.253;0;1;1;21;2018-02-14 13:24:08.267;0;616441;181246;0
22222222;2018-02-14 13:24:06.917;0;1;1;22;2018-02-14 13:24:06.930;0;616438;181245;0
22222222;2018-02-14 13:24:06.017;0;1;1;24;2018-02-14 13:24:06.040;0;616433;181244;0
22222222;2018-02-14 13:24:06.007;1899;1;1;41;2018-02-14 13:24:06.023;1;616431;181231;0
22222222;2018-02-14 13:24:04.227;0;0;0;6;2018-02-14 13:24:04.240;0;616425;181243;0
22222222;2018-02-14 13:23:57.487;0;0;0;5;2018-02-14 13:23:57.507;0;616415;181242;0
22222222;2018-02-14 13:23:37.213;0;0;0;20;2018-02-14 13:23:37.237;0;616380;181239;0
22222222;2018-02-14 13:23:26.153;0;0;0;17;2018-02-14 13:23:26.167;0;616351;181234;0
22222222;2018-02-14 13:23:16.840;0;2;1;21;2018-02-14 13:23:16.850;0;616336;181232;0
22222222;2018-02-14 13:23:16.750;1899;1;1;40;2018-02-14 13:23:16.770;1;616333;181231;0
22222222;2018-02-14 13:23:16.747;0;1;1;25;2018-02-14 13:23:16.770;0;616332;181230;0
22222222;2018-02-14 13:23:15.477;0;2;1;24;2018-02-14 13:23:15.487;0;616310;181226;0
22222222;2018-02-14 13:23:15.477;0;2;1;22;2018-02-14 13:23:15.493;0;616314;181227;0
22222222;2018-02-14 13:23:15.393;0;1;1;22;2018-02-14 13:23:15.417;0;616308;181225;0
22222222;2018-02-14 13:23:15.387;0;1;1;24;2018-02-14 13:23:15.407;0;616306;181224;0
22222222;2018-02-14 13:23:14.230;0;2;1;22;2018-02-14 13:23:14.250;0;616305;181223;0
22222222;2018-02-14 13:23:14.197;0;1;1;22;2018-02-14 13:23:14.210;0;616303;181222;0
22222222;2018-02-14 13:23:06.493;0;0;0;6;2018-02-14 13:23:06.507;0;616288;181221;0
22222222;2018-02-14 13:23:03.187;0;0;0;5;2018-02-14 13:23:03.200;0;616281;181220;0
22222222;2018-02-14 13:22:58.460;1895;1;2;41;2018-02-14 13:22:58.473;1;616275;181215;0
22222222;2018-02-14 13:22:58.433;778;2;2;41;2018-02-14 13:22:58.467;1;616274;181219;0
22222222;2018-02-14 13:22:58.407;0;2;1;21;2018-02-14 13:22:58.440;0;616270;181217;0
22222222;2018-02-14 13:22:58.393;0;2;1;24;2018-02-14 13:22:58.410;0;616268;181216;0
22222222;2018-02-14 13:22:57.237;0;1;1;21;2018-02-14 13:22:57.253;0;616263;181214;0
22222222;2018-02-14 13:22:57.233;0;1;1;24;2018-02-14 13:22:57.247;0;616261;181213;0
22222222;2018-02-14 13:22:57.147;0;0;0;6;2018-02-14 13:22:57.177;0;616259;181212;0
22222222;2018-02-14 13:22:52.447;0;0;0;5;2018-02-14 13:22:52.460;0;616249;181211;0
22222222;2018-02-14 13:22:30.393;0;1;1;21;2018-02-14 13:22:30.410;0;616221;181209;0
22222222;2018-02-14 13:22:29.057;0;1;1;22;2018-02-14 13:22:29.070;0;616218;181208;0
22222222;2018-02-14 13:22:28.177;0;1;1;24;2018-02-14 13:22:28.207;0;616214;181207;0
22222222;2018-02-14 13:22:28.163;1893;1;1;41;2018-02-14 13:22:28.190;1;616212;181196;0
22222222;2018-02-14 13:22:26.900;0;0;0;20;2018-02-14 13:22:26.913;0;616209;181206;0
22222222;2018-02-14 13:22:07.077;0;0;0;16;2018-02-14 13:22:07.097;0;616173;181199;0
22222222;2018-02-14 13:21:41.330;0;2;1;21;2018-02-14 13:21:41.343;0;616161;181198;0
22222222;2018-02-14 13:21:41.247;1893;1;1;40;2018-02-14 13:21:41.267;1;616158;181196;0
22222222;2018-02-14 13:21:41.243;0;1;1;25;2018-02-14 13:21:41.263;0;616157;181197;0
22222222;2018-02-14 13:21:39.957;0;2;1;24;2018-02-14 13:21:39.970;0;616149;181194;0
22222222;2018-02-14 13:21:39.957;0;2;1;22;2018-02-14 13:21:39.973;0;616153;181195;0
22222222;2018-02-14 13:21:39.867;0;1;1;22;2018-02-14 13:21:39.890;0;616147;181193;0
22222222;2018-02-14 13:21:39.863;0;1;1;24;2018-02-14 13:21:39.880;0;616145;181192;0
22222222;2018-02-14 13:21:38.707;0;2;1;22;2018-02-14 13:21:38.717;0;616143;181191;0
22222222;2018-02-14 13:21:38.670;0;1;1;22;2018-02-14 13:21:38.683;0;616141;181190;0
22222222;2018-02-14 13:21:30.987;0;0;0;6;2018-02-14 13:21:31.003;0;616116;181182;0
22222222;2018-02-14 13:21:27.720;0;0;0;5;2018-02-14 13:21:27.733;0;616108;181181;0
22222222;2018-02-14 13:21:22.320;774;2;2;41;2018-02-14 13:21:22.337;1;616100;181180;0
22222222;2018-02-14 13:21:22.303;0;2;1;21;2018-02-14 13:21:22.320;0;616096;181178;0
22222222;2018-02-14 13:21:22.290;0;2;1;24;2018-02-14 13:21:22.310;0;616094;181177;0
22222222;2018-02-14 13:21:22.260;1889;1;2;41;2018-02-14 13:21:22.290;1;616093;181176;0
22222222;2018-02-14 13:21:22.250;0;1;1;21;2018-02-14 13:21:22.267;0;616089;181175;0
22222222;2018-02-14 13:21:22.243;0;1;1;24;2018-02-14 13:21:22.257;0;616087;181174;0
22222222;2018-02-14 13:21:21.673;0;0;0;6;2018-02-14 13:21:21.687;0;616085;181173;0
22222222;2018-02-14 13:21:16.793;0;0;0;5;2018-02-14 13:21:16.807;0;616076;181172;0
22222222;2018-02-14 13:20:51.560;0;0;0;20;2018-02-14 13:20:51.580;0;616037;181167;0
22222222;2018-02-14 13:20:41.143;0;2;1;21;2018-02-14 13:20:41.160;0;616013;181163;0
22222222;2018-02-14 13:20:40.337;0;0;0;15;2018-02-14 13:20:40.357;0;616009;181162;0
22222222;2018-02-14 13:20:39.800;0;2;1;22;2018-02-14 13:20:39.820;0;616007;181161;0
22222222;2018-02-14 13:20:38.890;0;2;1;24;2018-02-14 13:20:38.903;0;616003;181159;0
22222222;2018-02-14 13:20:38.883;772;2;1;41;2018-02-14 13:20:38.900;1;616001;181157;0
22222222;2018-02-14 13:20:17.637;0;1;1;21;2018-02-14 13:20:17.657;0;615967;181156;0
22222222;2018-02-14 13:20:16.303;0;1;1;22;2018-02-14 13:20:16.320;0;615965;181155;0
22222222;2018-02-14 13:20:15.417;0;1;1;24;2018-02-14 13:20:15.450;0;615961;181154;0
22222222;2018-02-14 13:20:15.407;1887;1;1;41;2018-02-14 13:20:15.440;1;615959;181150;0
22222222;2018-02-14 13:19:50.087;0;2;1;21;2018-02-14 13:19:50.100;0;615907;181151;0
22222222;2018-02-14 13:19:50.000;0;1;1;25;2018-02-14 13:19:50.020;0;615903;181149;0
22222222;2018-02-14 13:19:50.000;1887;1;1;40;2018-02-14 13:19:50.020;1;615904;181150;0
22222222;2018-02-14 13:19:48.730;0;2;1;22;2018-02-14 13:19:48.747;0;615899;181148;0
22222222;2018-02-14 13:19:48.727;0;2;1;24;2018-02-14 13:19:48.740;0;615896;181147;0
22222222;2018-02-14 13:19:48.643;0;1;1;22;2018-02-14 13:19:48.667;0;615895;181146;0
22222222;2018-02-14 13:19:48.637;0;1;1;24;2018-02-14 13:19:48.657;0;615894;181145;0
22222222;2018-02-14 13:19:47.467;0;2;1;22;2018-02-14 13:19:47.477;0;615893;181144;0
22222222;2018-02-14 13:19:47.423;0;1;1;22;2018-02-14 13:19:47.433;0;615892;181143;0
22222222;2018-02-14 13:19:41.773;0;0;0;6;2018-02-14 13:19:41.793;0;615877;181142;0
22222222;2018-02-14 13:19:35.750;0;0;0;14;2018-02-14 13:19:35.773;0;615862;181137;0
22222222;2018-02-14 13:19:34.730;0;0;0;13;2018-02-14 13:19:34.743;0;615856;181135;0
22222222;2018-02-14 13:19:32.757;0;0;0;5;2018-02-14 13:19:32.770;0;615854;181134;0
22222222;2018-02-14 13:19:32.083;0;0;0;10;2018-02-14 13:19:32.100;0;615851;181133;0
22222222;2018-02-14 13:19:25.460;0;0;0;9;2018-02-14 13:19:25.473;0;615845;181132;0
22222222;2018-02-14 13:19:18.820;0;0;0;8;2018-02-14 13:19:18.830;0;615840;181131;0
22222222;2018-02-14 13:19:12.190;0;0;0;7;2018-02-14 13:19:12.207;0;615833;181130;0
22222222;2018-02-14 13:19:06.657;0;0;0;6;2018-02-14 13:19:06.680;0;615828;181129;0
22222222;2018-02-14 13:18:58.123;0;0;0;5;2018-02-14 13:18:58.137;0;615822;181128;0
22222222;2018-02-14 13:18:50.540;0;0;0;6;2018-02-14 13:18:50.563;0;615816;181127;0
22222222;2018-02-14 13:18:47.237;0;0;0;5;2018-02-14 13:18:47.253;0;615811;181126;0
22222222;2018-02-14 13:18:41.597;768;2;2;41;2018-02-14 13:18:41.610;1;615805;181125;0
22222222;2018-02-14 13:18:41.583;1883;1;2;41;2018-02-14 13:18:41.593;1;615804;181109;0
22222222;2018-02-14 13:18:41.250;0;2;1;21;2018-02-14 13:18:41.270;0;615801;181123;0
22222222;2018-02-14 13:18:41.247;0;2;1;24;2018-02-14 13:18:41.263;0;615800;181122;0
22222222;2018-02-14 13:18:41.217;0;1;1;21;2018-02-14 13:18:41.237;0;615797;181121;0
22222222;2018-02-14 13:18:41.210;0;1;1;24;2018-02-14 13:18:41.223;0;615796;181120;0
22222222;2018-02-14 13:18:41.187;0;0;0;6;2018-02-14 13:18:41.200;0;615794;181119;0
22222222;2018-02-14 13:18:38.417;0;0;0;5;2018-02-14 13:18:38.437;0;615788;181118;0
22222222;2018-02-14 13:18:16.720;0;2;1;21;2018-02-14 13:18:16.733;0;615749;181110;0
22222222;2018-02-14 13:18:15.390;1883;1;1;40;2018-02-14 13:18:15.400;1;615744;181109;0
22222222;2018-02-14 13:18:15.387;0;1;1;25;2018-02-14 13:18:15.400;0;615743;181108;0
22222222;2018-02-14 13:18:15.367;0;2;1;22;2018-02-14 13:18:15.380;0;615742;181107;0
22222222;2018-02-14 13:18:13.013;0;0;0;20;2018-02-14 13:18:13.033;0;615738;181106;0
22222222;2018-02-14 13:17:52.507;0;1;1;21;2018-02-14 13:17:52.520;0;615722;181105;0
22222222;2018-02-14 13:17:51.273;0;2;1;24;2018-02-14 13:17:51.287;0;615720;181104;0
22222222;2018-02-14 13:17:51.210;0;0;0;4;2018-02-14 13:17:51.230;0;615718;181103;0
22222222;2018-02-14 13:17:51.190;0;1;1;22;2018-02-14 13:17:51.210;0;615717;181102;0
22222222;2018-02-14 13:17:51.187;0;1;1;24;2018-02-14 13:17:51.203;0;615716;181101;0
22222222;2018-02-14 13:17:50.023;0;2;1;22;2018-02-14 13:17:50.037;0;615714;181100;0
22222222;2018-02-14 13:17:49.957;0;1;1;22;2018-02-14 13:17:49.970;0;615713;181099;0
22222222;2018-02-14 13:17:26.693;0;0;0;6;2018-02-14 13:17:26.713;0;615682;181096;0
22222222;2018-02-14 13:17:26.683;0;0;0;6;2018-02-14 13:17:26.697;0;615680;181095;0
22222222;2018-02-14 13:17:09.670;0;0;0;5;2018-02-14 13:17:09.683;0;615642;181093;0
22222222;2018-02-14 13:17:09.670;0;0;0;3;2018-02-14 13:17:09.690;0;615645;181094;0
22222222;2018-02-14 13:17:00.293;766;2;2;41;2018-02-14 13:17:00.313;1;615633;181092;0
22222222;2018-02-14 13:16:59.943;0;2;1;21;2018-02-14 13:16:59.970;0;615629;181090;0
22222222;2018-02-14 13:16:59.937;0;2;1;24;2018-02-14 13:16:59.957;0;615628;181089;0
22222222;2018-02-14 13:16:59.413;0;0;0;6;2018-02-14 13:16:59.437;0;615625;181088;0
22222222;2018-02-14 13:16:57.103;0;0;0;5;2018-02-14 13:16:57.117;0;615619;181087;0
22222222;2018-02-14 13:16:48.843;766;2;1;40;2018-02-14 13:16:48.863;1;615604;181086;0
22222222;2018-02-14 13:16:48.840;0;2;1;25;2018-02-14 13:16:48.860;0;615603;181085;0
22222222;2018-02-14 13:16:47.533;0;2;1;22;2018-02-14 13:16:47.547;0;615601;181084;0
22222222;2018-02-14 13:16:47.530;0;2;1;24;2018-02-14 13:16:47.540;0;615600;181083;0
22222222;2018-02-14 13:16:46.313;0;2;1;22;2018-02-14 13:16:46.323;0;615595;181082;0
22222222;2018-02-14 13:16:37.510;1881;1;2;41;2018-02-14 13:16:37.523;1;615580;181076;0
22222222;2018-02-14 13:16:35.973;0;1;1;21;2018-02-14 13:16:35.990;0;615577;181081;0
22222222;2018-02-14 13:16:35.967;0;1;1;24;2018-02-14 13:16:35.983;0;615576;181080;0
22222222;2018-02-14 13:16:35.920;0;0;0;6;2018-02-14 13:16:35.940;0;615574;181079;0
22222222;2018-02-14 13:16:33.643;0;0;0;5;2018-02-14 13:16:33.663;0;615570;181078;0
22222222;2018-02-14 13:16:25.337;1881;1;1;40;2018-02-14 13:16:25.357;1;615553;181076;0
22222222;2018-02-14 13:16:25.333;0;1;1;25;2018-02-14 13:16:25.353;0;615552;181075;0
22222222;2018-02-14 13:16:24.023;0;1;1;22;2018-02-14 13:16:24.040;0;615548;181074;0
22222222;2018-02-14 13:16:24.020;0;1;1;24;2018-02-14 13:16:24.037;0;615546;181073;0
22222222;2018-02-14 13:16:22.807;0;1;1;22;2018-02-14 13:16:22.823;0;615541;181072;0
22222222;2018-02-14 13:16:14.027;0;2;1;21;2018-02-14 13:16:14.057;0;615518;181064;0
22222222;2018-02-14 13:16:14.020;0;2;1;24;2018-02-14 13:16:14.050;0;615514;181063;0
22222222;2018-02-14 13:16:13.997;764;2;1;41;2018-02-14 13:16:14.037;1;615512;181061;0
22222222;2018-02-14 13:15:48.690;0;2;1;25;2018-02-14 13:15:48.703;0;615476;181052;0
22222222;2018-02-14 13:15:48.690;764;2;1;40;2018-02-14 13:15:48.707;1;615477;181053;0
22222222;2018-02-14 13:15:47.377;0;2;1;24;2018-02-14 13:15:47.387;0;615471;181050;0
22222222;2018-02-14 13:15:47.377;0;2;1;22;2018-02-14 13:15:47.393;0;615473;181051;0
22222222;2018-02-14 13:15:46.177;0;2;1;22;2018-02-14 13:15:46.187;0;615469;181049;0
22222222;2018-02-14 13:15:37.610;0;1;1;21;2018-02-14 13:15:37.637;0;615462;181048;0
22222222;2018-02-14 13:15:37.600;0;1;1;24;2018-02-14 13:15:37.630;0;615458;181047;0
22222222;2018-02-14 13:15:37.587;1879;1;1;41;2018-02-14 13:15:37.617;1;615456;181040;0
22222222;2018-02-14 13:15:12.373;0;1;1;25;2018-02-14 13:15:12.390;0;615411;181039;0
22222222;2018-02-14 13:15:12.373;1879;1;1;40;2018-02-14 13:15:12.390;1;615412;181040;0
22222222;2018-02-14 13:15:11.050;0;1;1;22;2018-02-14 13:15:11.067;0;615405;181038;0
22222222;2018-02-14 13:15:11.043;0;1;1;24;2018-02-14 13:15:11.060;0;615403;181037;0
22222222;2018-02-14 13:15:09.833;0;1;1;22;2018-02-14 13:15:09.843;0;615400;181036;0
22222222;2018-02-14 13:15:01.503;0;0;0;6;2018-02-14 13:15:01.517;0;615389;181035;0
22222222;2018-02-14 13:14:59.493;0;0;0;5;2018-02-14 13:14:59.503;0;615383;181034;0
22222222;2018-02-14 13:14:48.957;0;1;1;24;2018-02-14 13:14:48.970;0;615364;181032;0
22222222;2018-02-14 13:14:48.957;0;1;1;21;2018-02-14 13:14:48.973;0;615368;181033;0
22222222;2018-02-14 13:14:48.947;1877;1;1;41;2018-02-14 13:14:48.963;1;615362;181031;0
22222222;2018-02-14 13:14:20.413;1877;1;1;40;2018-02-14 13:14:20.423;1;615320;181031;0
22222222;2018-02-14 13:14:20.410;0;1;1;25;2018-02-14 13:14:20.423;0;615319;181030;0
22222222;2018-02-14 13:14:19.097;0;1;1;22;2018-02-14 13:14:19.110;0;615314;181029;0
22222222;2018-02-14 13:14:19.093;0;1;1;24;2018-02-14 13:14:19.103;0;615312;181028;0
22222222;2018-02-14 13:14:17.880;0;1;1;22;2018-02-14 13:14:17.893;0;615308;181027;0
22222222;2018-02-14 13:14:07.897;0;1;1;21;2018-02-14 13:14:07.927;0;615278;181024;0
22222222;2018-02-14 13:14:07.893;0;1;1;24;2018-02-14 13:14:07.910;0;615274;181023;0
22222222;2018-02-14 13:14:07.880;1875;1;1;41;2018-02-14 13:14:07.903;1;615272;181022;0
22222222;2018-02-14 13:13:41.770;1875;1;1;40;2018-02-14 13:13:41.790;1;615217;181022;0
22222222;2018-02-14 13:13:41.767;0;1;1;25;2018-02-14 13:13:41.787;0;615216;181021;0
22222222;2018-02-14 13:13:40.460;0;1;1;22;2018-02-14 13:13:40.487;0;615213;181020;0
22222222;2018-02-14 13:13:40.453;0;1;1;24;2018-02-14 13:13:40.473;0;615211;181019;0
22222222;2018-02-14 13:13:39.237;0;1;1;22;2018-02-14 13:13:39.247;0;615202;181018;0
22222222;2018-02-14 13:13:29.230;0;1;1;21;2018-02-14 13:13:29.257;0;615180;181012;0
22222222;2018-02-14 13:13:29.227;0;1;1;24;2018-02-14 13:13:29.247;0;615176;181011;0
22222222;2018-02-14 13:13:29.203;1873;1;1;41;2018-02-14 13:13:29.240;1;615174;181003;0
22222222;2018-02-14 13:12:57.217;1873;1;1;40;2018-02-14 13:12:57.237;1;615117;181003;0
22222222;2018-02-14 13:12:57.213;0;1;1;25;2018-02-14 13:12:57.237;0;615116;181002;0
22222222;2018-02-14 13:12:55.903;0;1;1;22;2018-02-14 13:12:55.927;0;615112;181001;0
22222222;2018-02-14 13:12:55.900;0;1;1;24;2018-02-14 13:12:55.913;0;615110;181000;0
22222222;2018-02-14 13:12:54.687;0;1;1;22;2018-02-14 13:12:54.697;0;615108;180999;0
22222222;2018-02-14 13:12:23.620;0;1;1;21;2018-02-14 13:12:23.637;0;615076;180998;0
22222222;2018-02-14 13:12:23.617;0;1;1;24;2018-02-14 13:12:23.633;0;615072;180997;0
22222222;2018-02-14 13:12:23.607;1871;1;1;41;2018-02-14 13:12:23.627;1;615070;180992;0
22222222;2018-02-14 13:12:21.163;0;0;0;20;2018-02-14 13:12:21.183;0;615067;180996;0
22222222;2018-02-14 13:11:57.900;0;0;0;16;2018-02-14 13:11:57.920;0;615046;180995;0
22222222;2018-02-14 13:11:32.443;0;1;1;25;2018-02-14 13:11:32.453;0;614998;180991;0
22222222;2018-02-14 13:11:32.443;1871;1;1;40;2018-02-14 13:11:32.457;1;614999;180992;0
22222222;2018-02-14 13:11:31.137;0;1;1;22;2018-02-14 13:11:31.173;0;614995;180990;0
22222222;2018-02-14 13:11:31.130;0;1;1;24;2018-02-14 13:11:31.153;0;614993;180989;0
22222222;2018-02-14 13:11:29.937;0;1;1;22;2018-02-14 13:11:29.950;0;614990;180988;0
22222222;2018-02-14 13:10:55.773;0;1;1;21;2018-02-14 13:10:55.803;0;614931;180987;0
22222222;2018-02-14 13:10:55.770;0;1;1;24;2018-02-14 13:10:55.797;0;614927;180986;0
22222222;2018-02-14 13:10:55.753;1869;1;1;41;2018-02-14 13:10:55.787;1;614925;180969;0
22222222;2018-02-14 13:10:53.217;0;0;0;20;2018-02-14 13:10:53.237;0;614920;180985;0
22222222;2018-02-14 13:10:34.847;0;0;0;16;2018-02-14 13:10:34.877;0;614875;180975;0
22222222;2018-02-14 13:10:07.457;1869;1;1;40;2018-02-14 13:10:07.470;1;614827;180969;0
22222222;2018-02-14 13:10:07.453;0;1;1;25;2018-02-14 13:10:07.470;0;614826;180968;0
22222222;2018-02-14 13:10:06.147;0;1;1;22;2018-02-14 13:10:06.163;0;614822;180967;0
22222222;2018-02-14 13:10:06.140;0;1;1;24;2018-02-14 13:10:06.153;0;614820;180966;0
22222222;2018-02-14 13:10:04.947;0;1;1;22;2018-02-14 13:10:04.960;0;614818;180965;0
22222222;2018-02-14 13:09:52.143;0;1;1;21;2018-02-14 13:09:52.163;0;614799;180961;0
22222222;2018-02-14 13:09:52.140;0;1;1;24;2018-02-14 13:09:52.157;0;614795;180960;0
22222222;2018-02-14 13:09:52.130;1867;1;1;41;2018-02-14 13:09:52.150;1;614793;180955;0
22222222;2018-02-14 13:09:25.817;0;1;1;25;2018-02-14 13:09:25.827;0;614751;180954;0
22222222;2018-02-14 13:09:25.817;1867;1;1;40;2018-02-14 13:09:25.830;1;614752;180955;0
22222222;2018-02-14 13:09:24.507;0;1;1;22;2018-02-14 13:09:24.520;0;614748;180953;0
22222222;2018-02-14 13:09:24.503;0;1;1;24;2018-02-14 13:09:24.513;0;614746;180952;0
22222222;2018-02-14 13:09:23.307;0;1;1;22;2018-02-14 13:09:23.323;0;614743;180951;0
22222222;2018-02-14 13:09:14.673;0;1;1;21;2018-02-14 13:09:14.707;0;614730;180950;0
22222222;2018-02-14 13:09:14.670;0;1;1;24;2018-02-14 13:09:14.697;0;614726;180949;0
22222222;2018-02-14 13:09:14.657;1865;1;1;41;2018-02-14 13:09:14.687;1;614724;180948;0
22222222;2018-02-14 13:08:47.193;1865;1;1;40;2018-02-14 13:08:47.210;1;614690;180948;0
22222222;2018-02-14 13:08:47.190;0;1;1;25;2018-02-14 13:08:47.210;0;614689;180947;0
22222222;2018-02-14 13:08:45.863;0;1;1;24;2018-02-14 13:08:45.873;0;614681;180945;0
22222222;2018-02-14 13:08:45.863;0;1;1;22;2018-02-14 13:08:45.883;0;614683;180946;0
22222222;2018-02-14 13:08:44.647;0;1;1;22;2018-02-14 13:08:44.660;0;614679;180944;0
22222222;2018-02-14 13:08:35.023;0;1;1;21;2018-02-14 13:08:35.043;0;614666;180943;0
22222222;2018-02-14 13:08:35.020;0;1;1;24;2018-02-14 13:08:35.037;0;614662;180942;0
22222222;2018-02-14 13:08:35.013;1863;1;1;41;2018-02-14 13:08:35.030;1;614660;180939;0
22222222;2018-02-14 13:08:08.693;1863;1;1;40;2018-02-14 13:08:08.713;1;614607;180939;0
22222222;2018-02-14 13:08:08.690;0;1;1;25;2018-02-14 13:08:08.710;0;614606;180938;0
22222222;2018-02-14 13:08:07.367;0;1;1;22;2018-02-14 13:08:07.400;0;614602;180937;0
22222222;2018-02-14 13:08:07.363;0;1;1;24;2018-02-14 13:08:07.383;0;614600;180936;0
22222222;2018-02-14 13:08:06.143;0;1;1;22;2018-02-14 13:08:06.153;0;614596;180935;0
22222222;2018-02-14 13:07:56.883;0;1;1;21;2018-02-14 13:07:56.917;0;614556;180927;0
22222222;2018-02-14 13:07:56.880;0;1;1;24;2018-02-14 13:07:56.907;0;614553;180926;0
22222222;2018-02-14 13:07:56.870;1861;1;1;41;2018-02-14 13:07:56.893;1;614551;180925;0
22222222;2018-02-14 13:07:30.143;0;1;1;25;2018-02-14 13:07:30.163;0;614508;180924;0
22222222;2018-02-14 13:07:30.143;1861;1;1;40;2018-02-14 13:07:30.163;1;614509;180925;0
22222222;2018-02-14 13:07:28.837;0;1;1;22;2018-02-14 13:07:28.860;0;614506;180923;0
22222222;2018-02-14 13:07:28.830;0;1;1;24;2018-02-14 13:07:28.847;0;614504;180922;0
22222222;2018-02-14 13:07:27.613;0;1;1;22;2018-02-14 13:07:27.627;0;614501;180921;0
22222222;2018-02-14 13:07:14.383;0;2;1;21;2018-02-14 13:07:14.410;0;614472;180914;0
22222222;2018-02-14 13:07:14.380;0;2;1;24;2018-02-14 13:07:14.407;0;614468;180913;0
22222222;2018-02-14 13:07:14.373;762;2;1;41;2018-02-14 13:07:14.397;1;614467;180911;0
22222222;2018-02-14 13:06:39.047;0;1;1;21;2018-02-14 13:06:39.077;0;614413;180887;0
22222222;2018-02-14 13:06:39.037;0;1;1;24;2018-02-14 13:06:39.070;0;614411;180886;0
22222222;2018-02-14 13:06:39.027;1859;1;1;41;2018-02-14 13:06:39.057;1;614410;180879;0
22222222;2018-02-14 13:06:04.060;0;2;1;21;2018-02-14 13:06:04.073;0;614352;180885;0
22222222;2018-02-14 13:06:02.733;0;2;1;22;2018-02-14 13:06:02.747;0;614347;180884;0
22222222;2018-02-14 13:06:01.840;0;2;1;24;2018-02-14 13:06:01.857;0;614342;180882;0
22222222;2018-02-14 13:06:01.837;760;2;1;41;2018-02-14 13:06:01.850;1;614341;180880;0
22222222;2018-02-14 13:05:29.273;0;1;1;21;2018-02-14 13:05:29.283;0;614264;180851;0
22222222;2018-02-14 13:05:27.947;0;1;1;22;2018-02-14 13:05:27.960;0;614247;180847;0
22222222;2018-02-14 13:05:27.057;0;1;1;24;2018-02-14 13:05:27.073;0;614234;180844;0
22222222;2018-02-14 13:05:27.050;1857;1;1;41;2018-02-14 13:05:27.067;1;614233;180842;0
22222222;2018-02-14 13:04:51.230;0;2;1;21;2018-02-14 13:04:51.250;0;614169;180843;0
22222222;2018-02-14 13:04:49.883;0;2;1;22;2018-02-14 13:04:49.903;0;614161;180841;0
22222222;2018-02-14 13:04:48.983;0;2;1;24;2018-02-14 13:04:48.997;0;614157;180839;0
22222222;2018-02-14 13:04:48.977;758;2;1;41;2018-02-14 13:04:48.993;1;614156;180837;0
22222222;2018-02-14 13:04:15.970;0;1;1;21;2018-02-14 13:04:15.990;0;614085;180807;0
22222222;2018-02-14 13:04:14.643;0;1;1;22;2018-02-14 13:04:14.657;0;614080;180805;0
22222222;2018-02-14 13:04:13.753;0;1;1;24;2018-02-14 13:04:13.770;0;614075;180803;0
22222222;2018-02-14 13:04:13.743;1855;1;1;41;2018-02-14 13:04:13.763;1;614074;180798;0
22222222;2018-02-14 13:03:38.620;0;2;1;21;2018-02-14 13:03:38.630;0;614021;180799;0
22222222;2018-02-14 13:03:37.297;0;2;1;22;2018-02-14 13:03:37.307;0;614006;180794;0
22222222;2018-02-14 13:03:36.437;0;2;1;24;2018-02-14 13:03:36.460;0;614002;180792;0
22222222;2018-02-14 13:03:36.417;756;2;1;41;2018-02-14 13:03:36.453;1;614001;180790;0
22222222;2018-02-14 13:03:03.443;0;1;1;21;2018-02-14 13:03:03.457;0;613936;180762;0
22222222;2018-02-14 13:03:02.117;0;1;1;22;2018-02-14 13:03:02.133;0;613920;180758;0
22222222;2018-02-14 13:03:01.227;0;1;1;24;2018-02-14 13:03:01.247;0;613915;180757;0
22222222;2018-02-14 13:03:01.220;1853;1;1;41;2018-02-14 13:03:01.240;1;613914;180748;0
22222222;2018-02-14 13:02:26.113;0;2;1;21;2018-02-14 13:02:26.130;0;613850;180754;0
22222222;2018-02-14 13:02:24.787;0;2;1;22;2018-02-14 13:02:24.797;0;613845;180753;0
22222222;2018-02-14 13:02:23.897;0;2;1;24;2018-02-14 13:02:23.910;0;613841;180751;0
22222222;2018-02-14 13:02:23.887;754;2;1;41;2018-02-14 13:02:23.907;1;613840;180749;0
22222222;2018-02-14 13:01:48.733;0;1;1;21;2018-02-14 13:01:48.750;0;613758;180725;0
22222222;2018-02-14 13:01:47.407;0;1;1;22;2018-02-14 13:01:47.420;0;613750;180723;0
22222222;2018-02-14 13:01:46.523;0;1;1;24;2018-02-14 13:01:46.543;0;613745;180722;0
22222222;2018-02-14 13:01:46.517;1851;1;1;41;2018-02-14 13:01:46.533;1;613744;180720;0
22222222;2018-02-14 13:01:10.923;0;2;1;21;2018-02-14 13:01:10.947;0;613666;180721;0
22222222;2018-02-14 13:01:09.593;0;2;1;22;2018-02-14 13:01:09.610;0;613661;180719;0
22222222;2018-02-14 13:01:08.733;0;2;1;24;2018-02-14 13:01:08.763;0;613654;180717;0
22222222;2018-02-14 13:01:08.703;752;2;1;41;2018-02-14 13:01:08.750;1;613653;180715;0
22222222;2018-02-14 13:00:35.680;0;1;1;21;2018-02-14 13:00:35.697;0;613564;180680;0
22222222;2018-02-14 13:00:34.337;0;1;1;22;2018-02-14 13:00:34.350;0;613559;180678;0
22222222;2018-02-14 13:00:33.447;0;1;1;24;2018-02-14 13:00:33.490;0;613554;180676;0
22222222;2018-02-14 13:00:33.440;1849;1;1;41;2018-02-14 13:00:33.457;1;613553;180674;0
22222222;2018-02-14 12:59:58.567;0;2;1;21;2018-02-14 12:59:58.580;0;613499;180675;0
22222222;2018-02-14 12:59:57.243;0;2;1;22;2018-02-14 12:59:57.267;0;613492;180673;0
22222222;2018-02-14 12:59:56.373;0;2;1;24;2018-02-14 12:59:56.397;0;613487;180671;0
22222222;2018-02-14 12:59:56.347;750;2;1;41;2018-02-14 12:59:56.387;1;613486;180669;0
22222222;2018-02-14 12:59:23.217;0;1;1;21;2018-02-14 12:59:23.230;0;613415;180646;0
22222222;2018-02-14 12:59:21.890;0;1;1;22;2018-02-14 12:59:21.913;0;613411;180644;0
22222222;2018-02-14 12:59:21.000;0;1;1;24;2018-02-14 12:59:21.017;0;613406;180643;0
22222222;2018-02-14 12:59:20.993;1847;1;1;41;2018-02-14 12:59:21.010;1;613405;180634;0
22222222;2018-02-14 12:58:45.637;0;2;1;21;2018-02-14 12:58:45.650;0;613333;180640;0
22222222;2018-02-14 12:58:44.313;0;2;1;22;2018-02-14 12:58:44.330;0;613327;180639;0
22222222;2018-02-14 12:58:43.437;0;2;1;24;2018-02-14 12:58:43.463;0;613321;180637;0
22222222;2018-02-14 12:58:43.423;748;2;1;41;2018-02-14 12:58:43.453;1;613320;180635;0
22222222;2018-02-14 12:58:10.210;0;1;1;21;2018-02-14 12:58:10.223;0;613256;180605;0
22222222;2018-02-14 12:58:08.880;0;1;1;22;2018-02-14 12:58:08.893;0;613247;180601;0
22222222;2018-02-14 12:58:08.007;0;1;1;24;2018-02-14 12:58:08.030;0;613239;180598;0
22222222;2018-02-14 12:58:07.990;1845;1;1;41;2018-02-14 12:58:08.023;1;613238;180592;0
22222222;2018-02-14 12:57:32.680;0;2;1;21;2018-02-14 12:57:32.710;0;613182;180593;0
22222222;2018-02-14 12:57:31.350;0;2;1;22;2018-02-14 12:57:31.367;0;613176;180591;0
22222222;2018-02-14 12:57:30.470;0;2;1;24;2018-02-14 12:57:30.500;0;613172;180589;0
22222222;2018-02-14 12:57:30.457;746;2;1;41;2018-02-14 12:57:30.493;1;613171;180587;0
22222222;2018-02-14 12:56:57.450;0;1;1;21;2018-02-14 12:56:57.467;0;613101;180557;0
22222222;2018-02-14 12:56:56.123;0;1;1;22;2018-02-14 12:56:56.137;0;613096;180555;0
22222222;2018-02-14 12:56:55.243;0;1;1;24;2018-02-14 12:56:55.270;0;613090;180553;0
22222222;2018-02-14 12:56:55.237;1843;1;1;41;2018-02-14 12:56:55.263;1;613089;180549;0
22222222;2018-02-14 12:56:20.073;0;2;1;21;2018-02-14 12:56:20.093;0;613018;180550;0
22222222;2018-02-14 12:56:18.747;0;2;1;22;2018-02-14 12:56:18.763;0;613013;180548;0
22222222;2018-02-14 12:56:17.867;0;2;1;24;2018-02-14 12:56:17.890;0;613009;180546;0
22222222;2018-02-14 12:56:17.853;744;2;1;41;2018-02-14 12:56:17.880;1;613008;180544;0
22222222;2018-02-14 12:55:42.977;0;1;1;21;2018-02-14 12:55:42.990;0;612930;180519;0
22222222;2018-02-14 12:55:41.650;0;1;1;22;2018-02-14 12:55:41.660;0;612920;180515;0
22222222;2018-02-14 12:55:40.770;0;1;1;24;2018-02-14 12:55:40.793;0;612913;180513;0
22222222;2018-02-14 12:55:40.763;1841;1;1;41;2018-02-14 12:55:40.787;1;612911;180508;0
22222222;2018-02-14 12:55:04.117;0;2;1;21;2018-02-14 12:55:04.133;0;612837;180510;0
22222222;2018-02-14 12:55:04.030;0;1;1;25;2018-02-14 12:55:04.050;0;612832;180509;0
22222222;2018-02-14 12:55:04.030;1841;1;1;40;2018-02-14 12:55:04.053;1;612833;180508;0
22222222;2018-02-14 12:55:02.760;0;2;1;22;2018-02-14 12:55:02.773;0;612824;180507;0
22222222;2018-02-14 12:55:02.757;0;2;1;24;2018-02-14 12:55:02.770;0;612821;180506;0
22222222;2018-02-14 12:55:02.667;0;1;1;22;2018-02-14 12:55:02.690;0;612818;180505;0
22222222;2018-02-14 12:55:02.663;0;1;1;24;2018-02-14 12:55:02.677;0;612816;180504;0
22222222;2018-02-14 12:55:01.500;0;2;1;22;2018-02-14 12:55:01.510;0;612815;180503;0
22222222;2018-02-14 12:55:01.457;0;1;1;22;2018-02-14 12:55:01.470;0;612813;180502;0
22222222;2018-02-14 12:54:52.457;0;1;1;21;2018-02-14 12:54:52.480;0;612794;180501;0
22222222;2018-02-14 12:54:52.450;0;1;1;24;2018-02-14 12:54:52.473;0;612790;180500;0
22222222;2018-02-14 12:54:52.440;1839;1;1;41;2018-02-14 12:54:52.467;1;612788;180494;0
22222222;2018-02-14 12:54:26.020;1839;1;1;40;2018-02-14 12:54:26.033;1;612752;180494;0
22222222;2018-02-14 12:54:26.017;0;1;1;25;2018-02-14 12:54:26.033;0;612751;180493;0
22222222;2018-02-14 12:54:24.707;0;1;1;22;2018-02-14 12:54:24.727;0;612749;180492;0
22222222;2018-02-14 12:54:24.703;0;1;1;24;2018-02-14 12:54:24.720;0;612747;180491;0
22222222;2018-02-14 12:54:23.497;0;1;1;22;2018-02-14 12:54:23.507;0;612745;180490;0
22222222;2018-02-14 12:54:20.507;0;1;1;24;2018-02-14 12:54:20.523;0;612724;180483;0
22222222;2018-02-14 12:54:20.507;0;1;1;21;2018-02-14 12:54:20.533;0;612730;180485;0
22222222;2018-02-14 12:54:20.500;1837;1;1;41;2018-02-14 12:54:20.517;1;612722;180482;0
22222222;2018-02-14 12:53:53.387;0;1;1;25;2018-02-14 12:53:53.403;0;612709;180481;0
22222222;2018-02-14 12:53:53.387;1837;1;1;40;2018-02-14 12:53:53.403;1;612710;180482;0
22222222;2018-02-14 12:53:52.073;0;1;1;22;2018-02-14 12:53:52.097;0;612707;180480;0
22222222;2018-02-14 12:53:52.070;0;1;1;24;2018-02-14 12:53:52.090;0;612705;180479;0
22222222;2018-02-14 12:53:50.880;0;1;1;22;2018-02-14 12:53:50.890;0;612703;180478;0
22222222;2018-02-14 12:53:47.930;0;1;1;21;2018-02-14 12:53:47.953;0;612698;180477;0
22222222;2018-02-14 12:53:47.920;0;1;1;24;2018-02-14 12:53:47.947;0;612694;180476;0
22222222;2018-02-14 12:53:47.913;1835;1;1;41;2018-02-14 12:53:47.927;1;612692;180475;0
22222222;2018-02-14 12:53:20.733;1835;1;1;40;2018-02-14 12:53:20.750;1;612680;180475;0
22222222;2018-02-14 12:53:20.730;0;1;1;25;2018-02-14 12:53:20.747;0;612679;180474;0
22222222;2018-02-14 12:53:19.423;0;1;1;22;2018-02-14 12:53:19.450;0;612677;180473;0
22222222;2018-02-14 12:53:19.420;0;1;1;24;2018-02-14 12:53:19.440;0;612675;180472;0
22222222;2018-02-14 12:53:18.220;0;1;1;22;2018-02-14 12:53:18.233;0;612672;180471;0
22222222;2018-02-14 12:53:15.080;0;1;1;21;2018-02-14 12:53:15.097;0;612668;180470;0
22222222;2018-02-14 12:53:15.077;0;1;1;24;2018-02-14 12:53:15.093;0;612664;180469;0
22222222;2018-02-14 12:53:15.070;1833;1;1;41;2018-02-14 12:53:15.087;1;612662;180459;0
22222222;2018-02-14 12:52:48.067;1833;1;1;40;2018-02-14 12:52:48.080;1;612621;180459;0
22222222;2018-02-14 12:52:48.063;0;1;1;25;2018-02-14 12:52:48.077;0;612620;180458;0
22222222;2018-02-14 12:52:46.760;0;1;1;22;2018-02-14 12:52:46.787;0;612618;180457;0
22222222;2018-02-14 12:52:46.753;0;1;1;24;2018-02-14 12:52:46.773;0;612616;180456;0
22222222;2018-02-14 12:52:45.550;0;1;1;22;2018-02-14 12:52:45.563;0;612612;180455;0
22222222;2018-02-14 12:52:42.433;0;1;1;21;2018-02-14 12:52:42.450;0;612608;180454;0
22222222;2018-02-14 12:52:42.427;0;1;1;24;2018-02-14 12:52:42.440;0;612604;180453;0
22222222;2018-02-14 12:52:42.417;1831;1;1;41;2018-02-14 12:52:42.437;1;612602;180450;0
22222222;2018-02-14 12:52:15.293;1831;1;1;40;2018-02-14 12:52:15.307;1;612574;180450;0
22222222;2018-02-14 12:52:15.290;0;1;1;25;2018-02-14 12:52:15.303;0;612573;180449;0
22222222;2018-02-14 12:52:13.983;0;1;1;22;2018-02-14 12:52:14.013;0;612570;180448;0
22222222;2018-02-14 12:52:13.977;0;1;1;24;2018-02-14 12:52:14.000;0;612568;180447;0
22222222;2018-02-14 12:52:12.783;0;1;1;22;2018-02-14 12:52:12.793;0;612565;180446;0
22222222;2018-02-14 12:52:09.933;0;1;1;21;2018-02-14 12:52:09.950;0;612557;180445;0
22222222;2018-02-14 12:52:09.930;0;1;1;24;2018-02-14 12:52:09.947;0;612553;180444;0
22222222;2018-02-14 12:52:09.923;1829;1;1;41;2018-02-14 12:52:09.940;1;612551;180441;0
22222222;2018-02-14 12:51:42.440;1829;1;1;40;2018-02-14 12:51:42.457;1;612525;180441;0
22222222;2018-02-14 12:51:42.437;0;1;1;25;2018-02-14 12:51:42.453;0;612524;180440;0
22222222;2018-02-14 12:51:41.117;0;1;1;22;2018-02-14 12:51:41.140;0;612522;180439;0
22222222;2018-02-14 12:51:41.107;0;1;1;24;2018-02-14 12:51:41.127;0;612520;180438;0
22222222;2018-02-14 12:51:39.917;0;1;1;22;2018-02-14 12:51:39.930;0;612518;180437;0
22222222;2018-02-14 12:51:37.230;0;1;1;21;2018-02-14 12:51:37.257;0;612512;180436;0
22222222;2018-02-14 12:51:37.223;0;1;1;24;2018-02-14 12:51:37.247;0;612510;180435;0
22222222;2018-02-14 12:51:37.200;1827;1;1;41;2018-02-14 12:51:37.227;1;612508;180434;0
22222222;2018-02-14 12:51:09.583;0;1;1;25;2018-02-14 12:51:09.603;0;612481;180433;0
22222222;2018-02-14 12:51:09.583;1827;1;1;40;2018-02-14 12:51:09.607;1;612482;180434;0
22222222;2018-02-14 12:51:08.277;0;1;1;22;2018-02-14 12:51:08.297;0;612476;180432;0
22222222;2018-02-14 12:51:08.270;0;1;1;24;2018-02-14 12:51:08.283;0;612474;180431;0
22222222;2018-02-14 12:51:07.083;0;1;1;22;2018-02-14 12:51:07.097;0;612467;180429;0
22222222;2018-02-14 12:51:03.830;0;1;1;21;2018-02-14 12:51:03.847;0;612446;180423;0
22222222;2018-02-14 12:51:03.820;0;1;1;24;2018-02-14 12:51:03.833;0;612444;180422;0
22222222;2018-02-14 12:51:03.813;1825;1;1;41;2018-02-14 12:51:03.830;1;612442;180421;0
22222222;2018-02-14 12:50:36.870;1825;1;1;40;2018-02-14 12:50:36.890;1;612391;180421;0
22222222;2018-02-14 12:50:36.867;0;1;1;25;2018-02-14 12:50:36.887;0;612390;180420;0
22222222;2018-02-14 12:50:35.557;0;1;1;22;2018-02-14 12:50:35.577;0;612386;180419;0
22222222;2018-02-14 12:50:35.553;0;1;1;24;2018-02-14 12:50:35.567;0;612384;180418;0
22222222;2018-02-14 12:50:34.337;0;1;1;22;2018-02-14 12:50:34.350;0;612380;180417;0
22222222;2018-02-14 12:50:31.277;0;1;1;21;2018-02-14 12:50:31.293;0;612374;180416;0
22222222;2018-02-14 12:50:31.270;0;1;1;24;2018-02-14 12:50:31.290;0;612370;180415;0
22222222;2018-02-14 12:50:31.263;1823;1;1;41;2018-02-14 12:50:31.283;1;612368;180402;0
22222222;2018-02-14 12:50:03.127;0;1;1;25;2018-02-14 12:50:03.137;0;612297;180401;0
22222222;2018-02-14 12:50:03.127;1823;1;1;40;2018-02-14 12:50:03.137;1;612298;180402;0
22222222;2018-02-14 12:50:01.817;0;1;1;22;2018-02-14 12:50:01.843;0;612294;180400;0
22222222;2018-02-14 12:50:01.813;0;1;1;24;2018-02-14 12:50:01.833;0;612292;180399;0
22222222;2018-02-14 12:50:00.607;0;1;1;22;2018-02-14 12:50:00.627;0;612289;180398;0
22222222;2018-02-14 12:49:58.383;0;1;1;21;2018-02-14 12:49:58.413;0;612282;180397;0
22222222;2018-02-14 12:49:58.377;0;1;1;24;2018-02-14 12:49:58.403;0;612278;180396;0
22222222;2018-02-14 12:49:58.370;1821;1;1;41;2018-02-14 12:49:58.393;1;612276;180395;0
22222222;2018-02-14 12:49:30.510;1821;1;1;40;2018-02-14 12:49:30.527;1;612238;180395;0
22222222;2018-02-14 12:49:30.507;0;1;1;25;2018-02-14 12:49:30.527;0;612237;180394;0
22222222;2018-02-14 12:49:29.180;0;1;1;22;2018-02-14 12:49:29.197;0;612234;180393;0
22222222;2018-02-14 12:49:29.177;0;1;1;24;2018-02-14 12:49:29.190;0;612232;180392;0
22222222;2018-02-14 12:49:27.967;0;1;1;22;2018-02-14 12:49:27.980;0;612228;180391;0
22222222;2018-02-14 12:49:25.263;0;1;1;21;2018-02-14 12:49:25.287;0;612221;180390;0
22222222;2018-02-14 12:49:25.260;0;1;1;24;2018-02-14 12:49:25.280;0;612218;180389;0
22222222;2018-02-14 12:49:25.253;1819;1;1;41;2018-02-14 12:49:25.273;1;612216;180388;0
22222222;2018-02-14 12:48:55.780;1819;1;1;40;2018-02-14 12:48:55.790;1;612180;180388;0
22222222;2018-02-14 12:48:55.777;0;1;1;25;2018-02-14 12:48:55.790;0;612179;180387;0
22222222;2018-02-14 12:48:54.470;0;1;1;22;2018-02-14 12:48:54.483;0;612175;180386;0
22222222;2018-02-14 12:48:54.467;0;1;1;24;2018-02-14 12:48:54.477;0;612173;180385;0
22222222;2018-02-14 12:48:53.263;0;1;1;22;2018-02-14 12:48:53.280;0;612169;180384;0
22222222;2018-02-14 12:48:50.790;0;1;1;21;2018-02-14 12:48:50.823;0;612164;180383;0
22222222;2018-02-14 12:48:50.787;0;1;1;24;2018-02-14 12:48:50.813;0;612160;180382;0
22222222;2018-02-14 12:48:50.770;1817;1;1;41;2018-02-14 12:48:50.803;1;612158;180376;0
22222222;2018-02-14 12:48:22.193;1817;1;1;40;2018-02-14 12:48:22.207;1;612113;180376;0
22222222;2018-02-14 12:48:22.190;0;1;1;25;2018-02-14 12:48:22.207;0;612112;180375;0
22222222;2018-02-14 12:48:20.880;0;1;1;22;2018-02-14 12:48:20.893;0;612110;180374;0
22222222;2018-02-14 12:48:20.877;0;1;1;24;2018-02-14 12:48:20.890;0;612108;180373;0
22222222;2018-02-14 12:48:19.667;0;1;1;22;2018-02-14 12:48:19.680;0;612104;180372;0
22222222;2018-02-14 12:48:16.933;0;1;1;21;2018-02-14 12:48:16.953;0;612100;180371;0
22222222;2018-02-14 12:48:16.930;0;1;1;24;2018-02-14 12:48:16.947;0;612098;180370;0
22222222;2018-02-14 12:48:16.923;1815;1;1;41;2018-02-14 12:48:16.943;1;612096;180367;0
22222222;2018-02-14 12:47:48.513;1815;1;1;40;2018-02-14 12:47:48.533;1;612079;180367;0
22222222;2018-02-14 12:47:48.510;0;1;1;25;2018-02-14 12:47:48.530;0;612078;180366;0
22222222;2018-02-14 12:47:47.203;0;1;1;22;2018-02-14 12:47:47.233;0;612076;180365;0
22222222;2018-02-14 12:47:47.200;0;1;1;24;2018-02-14 12:47:47.220;0;612074;180364;0
22222222;2018-02-14 12:47:45.987;0;1;1;22;2018-02-14 12:47:46.010;0;612072;180363;0
22222222;2018-02-14 12:47:43.287;0;1;1;21;2018-02-14 12:47:43.313;0;612067;180362;0
22222222;2018-02-14 12:47:43.280;0;1;1;24;2018-02-14 12:47:43.303;0;612063;180361;0
22222222;2018-02-14 12:47:43.270;1813;1;1;41;2018-02-14 12:47:43.287;1;612061;180355;0
22222222;2018-02-14 12:47:14.837;1813;1;1;40;2018-02-14 12:47:14.857;1;612037;180355;0
22222222;2018-02-14 12:47:14.833;0;1;1;25;2018-02-14 12:47:14.853;0;612036;180354;0
22222222;2018-02-14 12:47:13.513;0;1;1;22;2018-02-14 12:47:13.543;0;612034;180353;0
22222222;2018-02-14 12:47:13.507;0;1;1;24;2018-02-14 12:47:13.530;0;612032;180352;0
22222222;2018-02-14 12:47:12.307;0;1;1;22;2018-02-14 12:47:12.320;0;612030;180351;0
22222222;2018-02-14 12:47:09.153;0;1;1;21;2018-02-14 12:47:09.177;0;612026;180350;0
22222222;2018-02-14 12:47:09.150;0;1;1;24;2018-02-14 12:47:09.167;0;612022;180349;0
22222222;2018-02-14 12:47:09.143;1811;1;1;41;2018-02-14 12:47:09.163;1;612020;180342;0
22222222;2018-02-14 12:46:41.200;1811;1;1;40;2018-02-14 12:46:41.213;1;611992;180342;0
22222222;2018-02-14 12:46:41.197;0;1;1;25;2018-02-14 12:46:41.210;0;611991;180341;0
22222222;2018-02-14 12:46:39.870;0;1;1;24;2018-02-14 12:46:39.880;0;611987;180339;0
22222222;2018-02-14 12:46:39.870;0;1;1;22;2018-02-14 12:46:39.893;0;611989;180340;0
22222222;2018-02-14 12:46:38.680;0;1;1;22;2018-02-14 12:46:38.690;0;611985;180338;0
22222222;2018-02-14 12:46:35.427;0;1;1;24;2018-02-14 12:46:35.447;0;611975;180335;0
22222222;2018-02-14 12:46:35.427;0;1;1;21;2018-02-14 12:46:35.450;0;611978;180336;0
22222222;2018-02-14 12:46:35.410;1809;1;1;41;2018-02-14 12:46:35.437;1;611973;180332;0
22222222;2018-02-14 12:46:07.507;0;1;1;25;2018-02-14 12:46:07.523;0;611944;180331;0
22222222;2018-02-14 12:46:07.507;1809;1;1;40;2018-02-14 12:46:07.527;1;611945;180332;0
22222222;2018-02-14 12:46:06.177;0;1;1;22;2018-02-14 12:46:06.190;0;611942;180330;0
22222222;2018-02-14 12:46:06.173;0;1;1;24;2018-02-14 12:46:06.187;0;611940;180329;0
22222222;2018-02-14 12:46:04.987;0;1;1;22;2018-02-14 12:46:05.000;0;611933;180326;0
22222222;2018-02-14 12:46:02.317;0;1;1;21;2018-02-14 12:46:02.333;0;611929;180325;0
22222222;2018-02-14 12:46:02.313;0;1;1;24;2018-02-14 12:46:02.327;0;611925;180324;0
22222222;2018-02-14 12:46:02.307;1807;1;1;41;2018-02-14 12:46:02.323;1;611923;180315;0
22222222;2018-02-14 12:45:33.573;1807;1;1;40;2018-02-14 12:45:33.587;1;611894;180315;0
22222222;2018-02-14 12:45:33.570;0;1;1;25;2018-02-14 12:45:33.587;0;611893;180314;0
22222222;2018-02-14 12:45:32.247;0;1;1;22;2018-02-14 12:45:32.260;0;611891;180313;0
22222222;2018-02-14 12:45:32.240;0;1;1;24;2018-02-14 12:45:32.253;0;611889;180312;0
22222222;2018-02-14 12:45:31.043;0;1;1;22;2018-02-14 12:45:31.060;0;611887;180311;0
22222222;2018-02-14 12:45:27.840;0;1;1;21;2018-02-14 12:45:27.867;0;611883;180310;0
22222222;2018-02-14 12:45:27.837;0;1;1;24;2018-02-14 12:45:27.860;0;611879;180309;0
22222222;2018-02-14 12:45:27.817;1805;1;1;41;2018-02-14 12:45:27.847;1;611877;180302;0
22222222;2018-02-14 12:44:59.830;1805;1;1;40;2018-02-14 12:44:59.843;1;611849;180302;0
22222222;2018-02-14 12:44:59.827;0;1;1;25;2018-02-14 12:44:59.840;0;611848;180301;0
22222222;2018-02-14 12:44:58.517;0;1;1;24;2018-02-14 12:44:58.530;0;611844;180299;0
22222222;2018-02-14 12:44:58.517;0;1;1;22;2018-02-14 12:44:58.547;0;611846;180300;0
22222222;2018-02-14 12:44:57.303;0;1;1;22;2018-02-14 12:44:57.317;0;611842;180298;0
22222222;2018-02-14 12:44:54.343;0;1;1;21;2018-02-14 12:44:54.367;0;611838;180297;0
22222222;2018-02-14 12:44:54.340;0;1;1;24;2018-02-14 12:44:54.357;0;611834;180296;0
22222222;2018-02-14 12:44:54.330;1803;1;1;41;2018-02-14 12:44:54.350;1;611832;180295;0
22222222;2018-02-14 12:44:26.180;1803;1;1;40;2018-02-14 12:44:26.193;1;611811;180295;0
22222222;2018-02-14 12:44:26.177;0;1;1;25;2018-02-14 12:44:26.193;0;611810;180294;0
22222222;2018-02-14 12:44:24.870;0;1;1;22;2018-02-14 12:44:24.893;0;611808;180293;0
22222222;2018-02-14 12:44:24.863;0;1;1;24;2018-02-14 12:44:24.887;0;611806;180292;0
22222222;2018-02-14 12:44:23.663;0;1;1;22;2018-02-14 12:44:23.673;0;611804;180291;0
22222222;2018-02-14 12:44:20.673;0;1;1;21;2018-02-14 12:44:20.693;0;611800;180290;0
22222222;2018-02-14 12:44:20.670;0;1;1;24;2018-02-14 12:44:20.680;0;611796;180289;0
22222222;2018-02-14 12:44:20.663;1801;1;1;41;2018-02-14 12:44:20.677;1;611794;180277;0
22222222;2018-02-14 12:43:52.640;1801;1;1;40;2018-02-14 12:43:52.657;1;611754;180277;0
22222222;2018-02-14 12:43:52.637;0;1;1;25;2018-02-14 12:43:52.657;0;611753;180276;0
22222222;2018-02-14 12:43:51.333;0;1;1;22;2018-02-14 12:43:51.370;0;611751;180275;0
22222222;2018-02-14 12:43:51.327;0;1;1;24;2018-02-14 12:43:51.347;0;611749;180274;0
22222222;2018-02-14 12:43:50.120;0;1;1;22;2018-02-14 12:43:50.133;0;611746;180273;0
22222222;2018-02-14 12:43:47.440;0;1;1;21;2018-02-14 12:43:47.463;0;611742;180272;0
22222222;2018-02-14 12:43:47.437;0;1;1;24;2018-02-14 12:43:47.453;0;611739;180271;0
22222222;2018-02-14 12:43:47.423;1799;1;1;41;2018-02-14 12:43:47.447;1;611737;180269;0
22222222;2018-02-14 12:43:18.977;1799;1;1;40;2018-02-14 12:43:18.990;1;611725;180269;0
22222222;2018-02-14 12:43:18.973;0;1;1;25;2018-02-14 12:43:18.990;0;611724;180268;0
22222222;2018-02-14 12:43:17.673;0;1;1;22;2018-02-14 12:43:17.687;0;611722;180267;0
22222222;2018-02-14 12:43:17.660;0;1;1;24;2018-02-14 12:43:17.683;0;611720;180266;0
22222222;2018-02-14 12:43:16.457;0;1;1;22;2018-02-14 12:43:16.467;0;611718;180265;0
22222222;2018-02-14 12:43:14.013;0;1;1;21;2018-02-14 12:43:14.033;0;611714;180264;0
22222222;2018-02-14 12:43:14.007;0;1;1;24;2018-02-14 12:43:14.030;0;611710;180263;0
22222222;2018-02-14 12:43:13.997;1797;1;1;41;2018-02-14 12:43:14.020;1;611708;180256;0
22222222;2018-02-14 12:42:45.247;0;1;1;25;2018-02-14 12:42:45.260;0;611679;180255;0
22222222;2018-02-14 12:42:45.247;1797;1;1;40;2018-02-14 12:42:45.260;1;611680;180256;0
22222222;2018-02-14 12:42:43.940;0;1;1;22;2018-02-14 12:42:43.973;0;611677;180254;0
22222222;2018-02-14 12:42:43.933;0;1;1;24;2018-02-14 12:42:43.953;0;611675;180253;0
22222222;2018-02-14 12:42:42.723;0;1;1;22;2018-02-14 12:42:42.733;0;611673;180252;0
22222222;2018-02-14 12:42:39.950;0;1;1;21;2018-02-14 12:42:39.977;0;611669;180251;0
22222222;2018-02-14 12:42:39.943;0;1;1;24;2018-02-14 12:42:39.970;0;611665;180250;0
22222222;2018-02-14 12:42:39.930;1795;1;1;41;2018-02-14 12:42:39.960;1;611663;180246;0
22222222;2018-02-14 12:42:11.520;0;1;1;25;2018-02-14 12:42:11.540;0;611631;180247;0
22222222;2018-02-14 12:42:11.520;1795;1;1;40;2018-02-14 12:42:11.540;1;611632;180246;0
22222222;2018-02-14 12:42:10.213;0;1;1;22;2018-02-14 12:42:10.247;0;611624;180245;0
22222222;2018-02-14 12:42:10.207;0;1;1;24;2018-02-14 12:42:10.227;0;611622;180244;0
22222222;2018-02-14 12:42:08.983;0;1;1;22;2018-02-14 12:42:08.993;0;611619;180243;0
22222222;2018-02-14 12:42:06.087;0;1;1;21;2018-02-14 12:42:06.130;0;611615;180242;0
22222222;2018-02-14 12:42:06.083;0;1;1;24;2018-02-14 12:42:06.123;0;611612;180241;0
22222222;2018-02-14 12:42:06.073;1793;1;1;41;2018-02-14 12:42:06.100;1;611610;180237;0
22222222;2018-02-14 12:41:37.900;0;1;1;25;2018-02-14 12:41:37.910;0;611579;180238;0
22222222;2018-02-14 12:41:37.900;1793;1;1;40;2018-02-14 12:41:37.913;1;611580;180237;0
22222222;2018-02-14 12:41:36.577;0;1;1;22;2018-02-14 12:41:36.597;0;611576;180236;0
22222222;2018-02-14 12:41:36.573;0;1;1;24;2018-02-14 12:41:36.587;0;611574;180235;0
22222222;2018-02-14 12:41:35.367;0;1;1;22;2018-02-14 12:41:35.377;0;611572;180234;0
22222222;2018-02-14 12:41:25.637;0;2;1;24;2018-02-14 12:41:25.650;0;611561;180230;0
22222222;2018-02-14 12:41:25.637;0;2;1;21;2018-02-14 12:41:25.657;0;611565;180231;0
22222222;2018-02-14 12:41:25.627;742;2;1;41;2018-02-14 12:41:25.647;1;611559;180228;0
22222222;2018-02-14 12:40:47.730;0;2;1;25;2018-02-14 12:40:47.743;0;611458;180197;0
22222222;2018-02-14 12:40:47.730;742;2;1;40;2018-02-14 12:40:47.743;1;611459;180198;0
22222222;2018-02-14 12:40:46.420;0;2;1;22;2018-02-14 12:40:46.440;0;611455;180195;0
22222222;2018-02-14 12:40:46.417;0;2;1;24;2018-02-14 12:40:46.430;0;611453;180194;0
22222222;2018-02-14 12:40:45.207;0;2;1;22;2018-02-14 12:40:45.217;0;611451;180193;0
22222222;2018-02-14 12:40:34.743;0;1;1;21;2018-02-14 12:40:34.773;0;611442;180190;0
22222222;2018-02-14 12:40:34.740;0;1;1;24;2018-02-14 12:40:34.770;0;611438;180189;0
22222222;2018-02-14 12:40:34.727;1791;1;1;41;2018-02-14 12:40:34.750;1;611436;180185;0
22222222;2018-02-14 12:39:58.437;0;1;1;25;2018-02-14 12:39:58.447;0;611383;180186;0
22222222;2018-02-14 12:39:58.437;1791;1;1;40;2018-02-14 12:39:58.450;1;611384;180185;0
22222222;2018-02-14 12:39:57.123;0;1;1;22;2018-02-14 12:39:57.140;0;611380;180184;0
22222222;2018-02-14 12:39:57.120;0;1;1;24;2018-02-14 12:39:57.133;0;611378;180183;0
22222222;2018-02-14 12:39:55.910;0;1;1;22;2018-02-14 12:39:55.923;0;611376;180182;0
22222222;2018-02-14 12:39:44.157;0;1;1;21;2018-02-14 12:39:44.177;0;611360;180180;0
22222222;2018-02-14 12:39:44.153;0;1;1;24;2018-02-14 12:39:44.170;0;611356;180179;0
22222222;2018-02-14 12:39:44.147;1789;1;1;41;2018-02-14 12:39:44.163;1;611354;180178;0
22222222;2018-02-14 12:39:16.660;1789;1;1;40;2018-02-14 12:39:16.673;1;611339;180178;0
22222222;2018-02-14 12:39:16.657;0;1;1;25;2018-02-14 12:39:16.670;0;611338;180177;0
22222222;2018-02-14 12:39:15.347;0;1;1;22;2018-02-14 12:39:15.360;0;611336;180176;0
22222222;2018-02-14 12:39:15.343;0;1;1;24;2018-02-14 12:39:15.357;0;611334;180175;0
22222222;2018-02-14 12:39:14.143;0;1;1;22;2018-02-14 12:39:14.157;0;611332;180174;0
22222222;2018-02-14 12:39:05.080;0;0;0;50;2018-02-14 12:39:05.100;0;611328;0;0
22222222;2018-02-14 12:38:55.540;0;0;0;49;2018-02-14 12:38:55.553;0;611326;0;0
22222222;2018-02-14 12:38:49.000;0;0;0;48;2018-02-14 12:38:49.940;0;611324;180173;0
22222222;2018-02-14 12:38:43.000;0;0;0;47;2018-02-14 12:38:43.430;0;611322;180172;0
22222222;2018-02-14 12:38:36.000;0;0;0;46;2018-02-14 12:38:36.873;0;611319;180171;0
22222222;2018-02-14 12:38:30.000;0;0;0;45;2018-02-14 12:38:30.327;0;611317;180170;0
22222222;2018-02-14 12:38:23.000;0;0;0;44;2018-02-14 12:38:23.810;0;611315;180169;0
22222222;2018-02-14 12:38:17.000;0;0;0;43;2018-02-14 12:38:17.290;0;611313;180168;0
22222222;2018-02-14 12:38:10.000;0;0;0;42;2018-02-14 12:38:10.757;0;611299;180162;0
22222222;2018-02-14 12:37:52.733;0;0;0;31;2018-02-14 12:37:52.750;0;611223;180159;0
22222222;2018-02-14 12:37:26.630;0;0;0;6;2018-02-14 12:37:26.643;0;611210;180157;0
22222222;2018-02-14 12:37:26.617;0;0;0;6;2018-02-14 12:37:26.633;0;611208;180156;0
22222222;2018-02-14 12:35:51.687;0;0;0;50;2018-02-14 12:35:51.687;0;611129;180155;0
22222222;2018-02-14 12:35:42.570;0;0;0;50;2018-02-14 12:35:51.687;0;611127;0;0
22222222;2018-02-14 12:35:19.747;0;0;0;3;2018-02-14 12:35:51.640;0;611126;180154;0
22222222;2018-02-14 12:35:18.467;0;0;0;30;2018-02-14 12:35:51.627;0;611123;180152;0
22222222;2018-02-14 12:35:18.467;0;0;0;5;2018-02-14 12:35:51.627;0;611125;180153;0
22222222;2018-02-14 12:34:59.590;0;0;0;10000;2018-02-14 12:34:59.590;0;611017;180139;0
22222222;2018-02-14 12:34:49.067;0;0;0;6;2018-02-14 12:34:49.077;0;611010;180136;0
22222222;2018-02-14 12:34:45.797;0;0;0;5;2018-02-14 12:34:45.817;0;611008;180135;0
22222222;2018-02-14 12:34:39.833;0;2;1;21;2018-02-14 12:34:39.857;0;611005;180133;0
